"","subject","session","scan"
"1","0003001",1,1
"2","0003001",1,2
"3","0003002",1,1
"4","0003002",1,2
"5","0003004",1,1
"6","0003004",1,2
"7","0003006",1,1
"8","0003006",1,2
"9","0003007",1,1
"10","0003007",1,2
"11","0003008",1,1
"12","0003008",1,2
"13","0003009",1,1
"14","0003009",1,2
"15","0003010",1,1
"16","0003010",1,2
"17","0003011",1,1
"18","0003011",1,2
"19","0003012",1,1
"20","0003012",1,2
"21","0003013",1,1
"22","0003013",1,2
"23","0003014",1,1
"24","0003014",1,2
"25","0003015",1,1
"26","0003015",1,2
"27","0003016",1,1
"28","0003016",1,2
"29","0003017",1,1
"30","0003017",1,2
"31","0003018",1,1
"32","0003018",1,2
"33","0003020",1,1
"34","0003020",1,2
"35","0003021",1,1
"36","0003021",1,2
"37","0003022",1,1
"38","0003022",1,2
"39","0003023",1,1
"40","0003023",1,2
"41","0003024",1,1
"42","0003024",1,2
"43","0003025",1,1
"44","0003025",1,2
"45","0003026",1,1
"46","0003026",1,2
"47","0003032",1,1
"48","0003032",1,2
"49","0003033",1,1
"50","0003033",1,2
"51","0003034",1,1
"52","0003034",1,2
"53","0003036",1,1
"54","0003036",1,2
"55","0003037",1,1
"56","0003037",1,2
"57","0003038",1,1
"58","0003038",1,2
"59","0003039",1,1
"60","0003039",1,2
"61","0003040",1,1
"62","0003040",1,2
"63","0003041",1,1
"64","0003041",1,2
"65","0003042",1,1
"66","0003042",1,2
"67","0003044",1,1
"68","0003044",1,2
"69","0003045",1,1
"70","0003045",1,2
"71","0003047",1,1
"72","0003047",1,2
"73","0003049",1,1
"74","0003049",1,2
"75","0003050",1,1
"76","0003050",1,2
"77","0003051",1,1
"78","0003051",1,2
"79","0003051",1,3
"80","0003051",1,4
"81","0003052",1,1
"82","0003052",1,2
"83","0003052",1,3
"84","0003052",1,4
"85","0003054",1,1
"86","0003054",1,2
"87","0003054",1,3
"88","0003054",1,4
"89","0003055",1,1
"90","0003055",1,2
"91","0003055",1,3
"92","0003055",1,4
"93","0003056",1,1
"94","0003056",1,2
"95","0003056",1,3
"96","0003056",1,4
"97","0003057",1,1
"98","0003057",1,2
"99","0003057",1,3
"100","0003057",1,4
"101","0003059",1,1
"102","0003059",1,2
"103","0003059",1,3
"104","0003059",1,4
"105","0003060",1,1
"106","0003060",1,2
"107","0003061",1,1
"108","0003061",1,2
"109","0003062",1,1
"110","0003062",1,2
"111","0003062",1,3
"112","0003062",1,4
"113","0003063",1,1
"114","0003063",1,2
"115","0003063",1,3
"116","0003063",1,4
"117","0003064",1,1
"118","0003064",1,2
"119","0003064",1,3
"120","0003064",1,4
"122","0021001",1,1400
"123","0021001",1,2500
"124","0021001",1,645
"125","0021001",2,1400
"126","0021001",2,2500
"127","0021001",2,645
"129","0021002",1,1400
"130","0021002",1,2500
"131","0021002",1,645
"132","0021002",2,1400
"133","0021002",2,2500
"134","0021002",2,645
"136","0021006",1,1400
"137","0021006",1,2500
"138","0021006",1,645
"139","0021006",2,1400
"140","0021006",2,2500
"141","0021006",2,645
"143","0021018",1,1400
"144","0021018",1,2500
"145","0021018",1,645
"146","0021018",2,1400
"147","0021018",2,2500
"148","0021018",2,645
"150","0021024",1,1400
"151","0021024",1,2500
"152","0021024",1,645
"153","0021024",2,1400
"154","0021024",2,2500
"155","0021024",2,645
"156","0025000",1,1
"157","0025000",1,2
"158","0025000",2,1
"159","0025000",2,2
"160","0025001",1,1
"161","0025001",1,2
"162","0025001",2,1
"163","0025002",1,1
"164","0025002",1,2
"165","0025002",2,1
"166","0025003",1,1
"167","0025003",1,2
"168","0025003",2,1
"169","0025003",2,2
"170","0025004",1,1
"171","0025004",1,2
"172","0025004",2,1
"173","0025004",2,2
"174","0025005",1,1
"175","0025005",1,2
"176","0025005",2,1
"177","0025005",2,2
"178","0025006",1,1
"179","0025006",1,2
"180","0025006",2,1
"181","0025007",1,1
"182","0025007",1,2
"183","0025007",2,1
"184","0025007",2,2
"185","0025008",1,1
"186","0025008",1,2
"187","0025008",2,1
"188","0025008",2,2
"189","0025009",1,1
"190","0025009",1,2
"191","0025009",2,1
"192","0025009",2,2
"193","0025010",1,1
"194","0025010",1,2
"195","0025010",2,1
"196","0025010",2,2
"197","0025011",1,1
"198","0025011",1,2
"199","0025011",2,1
"200","0025011",2,2
"201","0025012",1,1
"202","0025012",1,2
"203","0025012",2,1
"204","0025012",2,2
"205","0025013",1,1
"206","0025013",1,2
"207","0025013",2,1
"208","0025013",2,2
"209","0025014",1,1
"210","0025014",1,2
"211","0025014",2,1
"212","0025014",2,2
"213","0025015",1,1
"214","0025015",1,2
"215","0025015",2,1
"216","0025015",2,2
"217","0025016",1,1
"218","0025016",1,2
"219","0025016",2,1
"220","0025016",2,2
"221","0025017",1,1
"222","0025017",1,2
"223","0025017",2,1
"224","0025017",2,2
"225","0025018",1,1
"226","0025018",1,2
"227","0025018",2,1
"228","0025018",2,2
"229","0025019",1,1
"230","0025019",1,2
"231","0025019",2,1
"232","0025019",2,2
"233","0025020",1,1
"234","0025020",1,2
"235","0025020",2,1
"236","0025021",1,1
"237","0025021",2,1
"238","0025021",2,2
"239","0025022",1,1
"240","0025022",1,2
"241","0025022",2,1
"242","0025022",2,2
"243","0025023",1,1
"244","0025023",1,2
"245","0025023",2,1
"246","0025023",2,2
"247","0025023",3,1
"248","0025023",3,2
"249","0025024",1,1
"250","0025024",1,2
"251","0025024",2,1
"252","0025024",2,2
"253","0025025",1,1
"254","0025025",1,2
"255","0025025",2,1
"256","0025025",2,2
"257","0025025",3,1
"258","0025025",3,2
"259","0025026",1,1
"260","0025026",2,1
"261","0025026",2,2
"262","0025027",1,1
"263","0025027",1,2
"264","0025027",2,1
"265","0025027",2,2
"266","0025028",1,1
"267","0025028",1,2
"268","0025028",2,1
"269","0025028",2,2
"270","0025029",1,1
"271","0025029",1,2
"272","0025029",2,1
"273","0025029",2,2
"274","0025030",1,1
"275","0025030",1,2
"276","0025030",2,1
"277","0025030",2,2
"278","0025031",1,1
"279","0025031",1,2
"280","0025031",2,1
"281","0025031",2,2
"282","0025032",1,1
"283","0025032",1,2
"284","0025032",2,1
"285","0025032",2,2
"286","0025033",1,1
"287","0025033",1,2
"288","0025033",2,1
"289","0025033",2,2
"290","0025034",1,1
"291","0025034",1,2
"292","0025034",2,1
"293","0025034",2,2
"294","0025035",1,1
"295","0025035",2,1
"296","0025035",2,2
"297","0025036",1,1
"298","0025036",1,2
"299","0025036",2,1
"300","0025036",2,2
"301","0025037",1,1
"302","0025037",1,2
"303","0025037",2,1
"304","0025037",2,2
"305","0025038",1,1
"306","0025038",1,2
"307","0025038",2,1
"308","0025038",2,2
"309","0025039",1,1
"310","0025039",1,2
"311","0025039",2,1
"312","0025039",2,2
"313","0025040",1,1
"314","0025040",1,2
"315","0025040",2,1
"316","0025040",2,2
"317","0025041",1,1
"318","0025041",1,2
"319","0025041",2,1
"320","0025041",2,2
"321","0025042",1,1
"322","0025042",1,2
"323","0025042",2,1
"324","0025042",2,2
"325","0025043",1,1
"326","0025043",2,1
"327","0025043",2,2
"328","0025044",1,1
"329","0025044",1,2
"330","0025044",2,1
"331","0025044",2,2
"332","0025045",1,1
"333","0025045",1,2
"334","0025045",2,1
"335","0025045",2,2
"336","0025046",1,1
"337","0025046",1,2
"338","0025046",2,1
"339","0025046",2,2
"340","0025047",1,1
"341","0025047",1,2
"342","0025047",2,1
"343","0025047",3,1
"344","0025047",3,2
"345","0025048",1,1
"346","0025048",1,2
"347","0025048",2,1
"348","0025048",2,2
"349","0025049",1,1
"350","0025049",1,2
"351","0025049",2,1
"352","0025049",2,2
"353","0025050",1,1
"354","0025050",1,2
"355","0025050",2,1
"356","0025050",2,2
"357","0025051",1,1
"358","0025051",1,2
"359","0025051",2,1
"360","0025051",2,2
"361","0025052",1,1
"362","0025052",1,2
"363","0025052",2,1
"364","0025052",2,2
"365","0025053",1,1
"366","0025053",1,2
"367","0025053",2,1
"368","0025053",2,2
"369","0025054",1,1
"370","0025054",1,2
"371","0025054",2,1
"372","0025054",2,2
"373","0025055",1,1
"374","0025055",1,2
"375","0025055",2,1
"376","0025055",2,2
"377","0025056",1,1
"378","0025056",1,2
"379","0025056",2,1
"380","0025056",2,2
"381","0025057",1,1
"382","0025057",1,2
"383","0025057",2,1
"384","0025057",2,2
"385","0025058",1,1
"386","0025058",1,2
"387","0025058",2,1
"388","0025058",2,2
"389","0025059",1,1
"390","0025059",1,2
"391","0025059",2,1
"392","0025059",2,2
"393","0025060",1,1
"394","0025060",1,2
"395","0025060",2,1
"396","0025060",2,2
"397","0025061",1,1
"398","0025061",1,2
"399","0025061",2,1
"400","0025061",2,2
"401","0025062",1,1
"402","0025062",1,2
"403","0025063",1,1
"404","0025063",1,2
"405","0025064",1,1
"406","0025064",1,2
"407","0025065",1,1
"408","0025065",1,2
"409","0025066",1,1
"410","0025066",1,2
"411","0025067",1,1
"412","0025067",1,2
"413","0025068",1,1
"414","0025068",1,2
"415","0025069",1,1
"416","0025069",1,2
"417","0025070",1,1
"418","0025070",1,2
"419","0025071",1,1
"420","0025071",1,2
"421","0025072",1,1
"422","0025072",1,2
"423","0025073",1,1
"424","0025073",1,2
"425","0025074",1,1
"426","0025074",1,2
"427","0025075",1,1
"428","0025075",1,2
"429","0025076",1,1
"430","0025076",1,2
"431","0025077",1,1
"432","0025077",1,2
"433","0025078",1,1
"434","0025078",1,2
"435","0025079",1,1
"436","0025079",1,2
"437","0025080",1,1
"438","0025080",1,2
"439","0025081",1,1
"440","0025081",1,2
"441","0025082",1,1
"442","0025082",1,2
"443","0025083",1,1
"444","0025083",1,2
"445","0025084",1,1
"446","0025084",1,2
"447","0025085",1,1
"448","0025085",1,2
"449","0025086",1,1
"450","0025086",1,2
"451","0025087",1,1
"452","0025087",1,2
"453","0025088",1,1
"454","0025088",1,2
"455","0025089",1,1
"456","0025089",1,2
"457","0025090",1,1
"458","0025090",1,2
"459","0025091",1,1
"460","0025091",1,2
"461","0025092",1,1
"462","0025092",1,2
"463","0025093",1,1
"464","0025093",1,2
"465","0025094",1,1
"466","0025094",1,2
"467","0025095",1,1
"468","0025095",1,2
"469","0025096",1,1
"470","0025096",1,2
"471","0025097",1,1
"472","0025097",1,2
"473","0025098",1,1
"474","0025098",1,2
"475","0025099",1,1
"476","0025099",1,2
"477","0025100",1,1
"478","0025100",1,2
"479","0025101",1,1
"480","0025101",1,2
"481","0025102",1,1
"482","0025102",1,2
"483","0025103",1,1
"484","0025103",1,2
"485","0025104",1,1
"486","0025104",1,2
"487","0025105",1,1
"488","0025105",1,2
"489","0025106",1,1
"490","0025106",1,2
"491","0025107",1,1
"492","0025107",1,2
"493","0025108",1,1
"494","0025108",1,2
"495","0025109",1,1
"496","0025109",1,2
"497","0025110",1,1
"498","0025110",1,2
"499","0025111",1,1
"500","0025111",1,2
"501","0025112",1,1
"502","0025112",1,2
"503","0025113",1,1
"504","0025113",1,2
"505","0025114",1,1
"506","0025114",1,2
"507","0025115",1,1
"508","0025115",1,2
"509","0025116",1,1
"510","0025116",1,2
"511","0025117",1,1
"512","0025117",1,2
"513","0025118",1,1
"514","0025118",1,2
"515","0025119",1,1
"516","0025119",1,2
"517","0025120",1,1
"518","0025120",1,2
"519","0025121",1,1
"520","0025121",1,2
"521","0025122",1,1
"522","0025122",1,2
"523","0025123",1,1
"524","0025123",1,2
"525","0025124",1,1
"526","0025124",1,2
"527","0025125",1,1
"528","0025125",1,2
"529","0025126",1,1
"530","0025126",1,2
"531","0025127",1,1
"532","0025127",1,2
"533","0025128",1,1
"534","0025128",1,2
"535","0025129",1,1
"536","0025129",1,2
"537","0025130",1,1
"538","0025130",1,2
"539","0025131",1,1
"540","0025131",1,2
"541","0025132",1,1
"542","0025132",1,2
"543","0025133",1,1
"544","0025133",1,2
"545","0025134",1,1
"546","0025134",1,2
"547","0025135",1,1
"548","0025135",1,2
"549","0025136",1,1
"550","0025136",1,2
"551","0025137",1,1
"552","0025137",1,2
"553","0025138",1,1
"554","0025138",1,2
"555","0025139",1,1
"556","0025139",1,2
"557","0025140",1,1
"558","0025140",1,2
"559","0025141",1,1
"560","0025141",1,2
"561","0025142",1,1
"562","0025142",1,2
"563","0025143",1,1
"564","0025143",1,2
"565","0025144",1,1
"566","0025144",1,2
"567","0025145",1,1
"568","0025145",1,2
"569","0025146",1,1
"570","0025146",1,2
"571","0025147",1,1
"572","0025147",1,2
"573","0025148",1,1
"574","0025148",1,2
"575","0025149",1,1
"576","0025149",1,2
"577","0025150",1,1
"578","0025150",1,2
"579","0025151",1,1
"580","0025151",1,2
"581","0025152",1,1
"582","0025152",1,2
"583","0025153",1,1
"584","0025153",1,2
"585","0025154",1,1
"586","0025154",1,2
"587","0025155",1,1
"588","0025155",1,2
"589","0025156",1,1
"590","0025156",1,2
"591","0025157",1,1
"592","0025157",1,2
"593","0025158",1,1
"594","0025158",1,2
"595","0025159",1,1
"596","0025159",1,2
"597","0025160",1,1
"598","0025160",1,2
"599","0025161",1,1
"600","0025161",1,2
"601","0025162",1,1
"602","0025162",1,2
"603","0025163",1,1
"604","0025163",1,2
"605","0025164",1,1
"606","0025164",1,2
"607","0025165",1,1
"608","0025165",1,2
"609","0025166",1,1
"610","0025166",1,2
"611","0025167",1,1
"612","0025167",1,2
"613","0025168",1,1
"614","0025168",1,2
"615","0025169",1,1
"616","0025169",1,2
"617","0025170",1,1
"618","0025170",1,2
"619","0025171",1,1
"620","0025171",1,2
"621","0025172",1,1
"622","0025172",1,2
"623","0025173",1,1
"624","0025173",1,2
"625","0025174",1,1
"626","0025174",1,2
"627","0025175",1,1
"628","0025175",1,2
"629","0025176",1,1
"630","0025176",1,2
"631","0025177",1,1
"632","0025177",1,2
"633","0025178",1,1
"634","0025178",1,2
"635","0025179",1,1
"636","0025179",1,2
"637","0025180",1,1
"638","0025180",1,2
"639","0025181",1,1
"640","0025181",1,2
"641","0025182",1,1
"642","0025182",1,2
"643","0025183",1,1
"644","0025183",1,2
"645","0025184",1,1
"646","0025184",1,2
"647","0025185",1,1
"648","0025185",1,2
"649","0025186",1,1
"650","0025186",1,2
"651","0025234",1,1
"652","0025234",2,1
"653","0025235",1,1
"654","0025235",2,1
"655","0025236",1,1
"656","0025236",2,1
"657","0025237",1,1
"658","0025237",2,1
"659","0025238",1,1
"660","0025238",2,1
"661","0025238",3,1
"662","0025239",1,1
"663","0025239",2,1
"664","0025239",3,1
"665","0025240",1,1
"666","0025240",2,1
"667","0025240",3,1
"668","0025241",1,1
"669","0025241",2,1
"670","0025242",1,1
"671","0025242",2,1
"672","0025243",1,1
"673","0025243",2,1
"674","0025244",1,1
"675","0025244",2,1
"676","0025244",3,1
"677","0025245",1,1
"678","0025245",2,1
"679","0025245",3,1
"680","0025246",1,1
"681","0025246",2,1
"682","0025247",1,1
"683","0025247",2,1
"684","0025248",1,1
"685","0025248",2,1
"686","0025249",1,1
"687","0025249",2,1
"688","0025250",1,1
"689","0025250",2,1
"690","0025251",1,1
"691","0025251",2,1
"692","0025252",1,1
"693","0025252",2,1
"694","0025252",3,1
"695","0025253",1,1
"696","0025253",2,1
"697","0025253",3,1
"698","0025254",1,1
"699","0025254",2,1
"700","0025254",3,1
"701","0025255",1,1
"702","0025255",2,1
"703","0025256",1,1
"704","0025256",2,1
"705","0025257",1,1
"706","0025257",2,1
"707","0025257",3,1
"708","0025258",1,1
"709","0025258",2,1
"710","0025259",1,1
"711","0025259",2,1
"712","0025259",3,1
"713","0025260",1,1
"714","0025260",2,1
"715","0025261",1,1
"716","0025261",2,1
"717","0025261",3,1
"718","0025262",1,1
"719","0025262",2,1
"720","0025263",1,1
"721","0025263",2,1
"722","0025263",3,1
"723","0025264",1,1
"724","0025264",2,1
"725","0025264",3,1
"726","0025265",1,1
"727","0025265",2,1
"728","0025265",3,1
"729","0025266",1,1
"730","0025266",2,1
"731","0025267",1,1
"732","0025267",2,1
"733","0025267",3,1
"734","0025268",1,1
"735","0025268",2,1
"736","0025269",1,1
"737","0025269",2,1
"738","0025270",1,1
"739","0025270",2,1
"740","0025270",3,1
"741","0025271",1,1
"742","0025271",2,1
"743","0025271",3,1
"744","0025272",1,1
"745","0025272",2,1
"746","0025272",3,1
"747","0025273",1,1
"748","0025273",2,1
"749","0025273",3,1
"750","0025274",1,1
"751","0025274",2,1
"752","0025274",3,1
"753","0025275",1,1
"754","0025275",2,1
"755","0025275",3,1
"756","0025276",1,1
"757","0025276",2,1
"758","0025276",3,1
"759","0025277",1,1
"760","0025277",2,1
"761","0025277",3,1
"762","0025278",1,1
"763","0025278",2,1
"764","0025278",3,1
"765","0025279",1,1
"766","0025279",2,1
"767","0025280",1,1
"768","0025280",2,1
"769","0025281",1,1
"770","0025281",2,1
"771","0025282",1,1
"772","0025282",2,1
"773","0025283",1,1
"774","0025283",2,1
"775","0025283",3,1
"776","0025284",1,1
"777","0025284",2,1
"778","0025285",1,1
"779","0025285",2,1
"780","0025285",3,1
"781","0025286",1,1
"782","0025286",2,1
"783","0025286",3,1
"784","0025287",1,1
"785","0025287",2,1
"786","0025287",3,1
"787","0025288",1,1
"788","0025288",2,1
"789","0025288",3,1
"790","0025289",1,1
"791","0025289",2,1
"792","0025290",1,1
"793","0025290",2,1
"794","0025290",3,1
"795","0025291",1,1
"796","0025291",2,1
"797","0025291",3,1
"798","0025292",1,1
"799","0025292",2,1
"800","0025293",1,1
"801","0025293",2,1
"802","0025294",1,1
"803","0025294",2,1
"804","0025295",1,1
"805","0025295",2,1
"806","0025296",1,1
"807","0025296",2,1
"808","0025297",1,1
"809","0025297",2,1
"810","0025298",1,1
"811","0025298",2,1
"812","0025299",1,1
"813","0025299",2,1
"814","0025300",1,1
"815","0025300",2,1
"816","0025301",1,1
"817","0025301",2,1
"818","0025302",1,1
"819","0025302",2,1
"820","0025303",1,1
"821","0025303",2,1
"822","0025304",1,1
"823","0025304",2,1
"824","0025305",1,1
"825","0025305",2,1
"826","0025306",1,1
"827","0025306",2,1
"828","0025307",1,1
"829","0025307",2,1
"830","0025308",1,1
"831","0025308",2,1
"832","0025309",1,1
"833","0025309",2,1
"834","0025310",1,1
"835","0025310",2,1
"836","0025311",1,1
"837","0025311",2,1
"838","0025312",1,1
"839","0025312",2,1
"840","0025313",1,1
"841","0025313",2,1
"842","0025314",1,1
"843","0025314",2,1
"844","0025315",1,1
"845","0025315",2,1
"846","0025316",2,1
"847","0025317",1,1
"848","0025317",2,1
"849","0025318",1,1
"850","0025318",2,1
"851","0025319",1,1
"852","0025319",2,1
"853","0025320",1,1
"854","0025320",2,1
"855","0025321",1,1
"856","0025321",2,1
"857","0025322",1,1
"858","0025322",2,1
"859","0025323",1,1
"860","0025323",2,1
"861","0025324",1,1
"862","0025324",2,1
"863","0025325",1,1
"864","0025325",2,1
"865","0025326",1,1
"866","0025326",2,1
"867","0025327",1,1
"868","0025327",2,1
"869","0025328",1,1
"870","0025328",2,1
"871","0025329",1,1
"872","0025329",2,1
"873","0025330",1,1
"874","0025330",2,1
"875","0025331",1,1
"876","0025331",2,1
"877","0025332",1,1
"878","0025332",2,1
"879","0025333",1,1
"880","0025333",2,1
"881","0025335",1,1
"882","0025335",1,2
"883","0025335",1,3
"884","0025335",1,5
"885","0025335",1,6
"886","0025336",1,1
"887","0025336",1,2
"888","0025336",1,3
"889","0025336",1,4
"890","0025336",1,5
"891","0025336",1,6
"892","0025337",1,1
"893","0025337",1,2
"894","0025337",1,3
"895","0025337",1,4
"896","0025337",1,5
"897","0025338",1,1
"898","0025338",1,2
"899","0025338",1,3
"900","0025338",1,4
"901","0025338",1,5
"902","0025338",1,6
"903","0025339",1,1
"904","0025339",1,2
"905","0025339",1,3
"906","0025339",1,4
"907","0025339",1,5
"908","0025339",1,6
"909","0025340",1,1
"910","0025340",1,2
"911","0025340",1,3
"912","0025340",1,4
"913","0025340",1,5
"914","0025340",1,6
"915","0025341",1,1
"916","0025341",1,2
"917","0025341",1,4
"918","0025341",1,5
"919","0025341",1,6
"920","0025342",1,1
"921","0025342",1,2
"922","0025342",1,4
"923","0025342",1,5
"924","0025342",1,6
"925","0025343",1,1
"926","0025343",1,2
"927","0025343",1,3
"928","0025343",1,4
"929","0025343",1,5
"930","0025343",1,6
"931","0025344",1,1
"932","0025344",1,2
"933","0025344",1,3
"934","0025344",1,4
"935","0025344",1,5
"936","0025344",1,6
"937","0025345",1,1
"938","0025345",1,2
"939","0025345",1,3
"940","0025345",1,4
"941","0025345",1,5
"942","0025345",1,6
"943","0025346",1,1
"944","0025346",1,2
"945","0025346",1,3
"946","0025346",1,4
"947","0025346",1,5
"948","0025346",1,6
"949","0025347",1,1
"950","0025347",1,2
"951","0025347",1,3
"952","0025347",1,4
"953","0025347",1,5
"954","0025347",1,6
"955","0025348",1,1
"956","0025348",1,2
"957","0025348",1,4
"958","0025348",1,5
"959","0025348",1,6
"960","0025349",1,1
"961","0025349",1,2
"962","0025349",1,3
"963","0025349",1,4
"964","0025349",1,5
"965","0025349",1,6
"966","0025350",1,1
"967","0025350",1,2
"968","0025350",1,3
"969","0025350",1,4
"970","0025350",1,5
"971","0025350",1,6
"972","0025351",1,1
"973","0025351",1,2
"974","0025351",1,3
"975","0025351",1,4
"976","0025351",1,5
"977","0025351",1,6
"978","0025352",1,1
"979","0025352",1,2
"980","0025352",1,3
"981","0025352",1,4
"982","0025352",1,5
"983","0025352",1,6
"984","0025353",1,1
"985","0025353",1,2
"986","0025353",1,3
"987","0025353",1,4
"988","0025353",1,5
"989","0025353",1,6
"990","0025354",1,1
"991","0025354",1,2
"992","0025354",1,3
"993","0025354",1,4
"994","0025354",1,5
"995","0025354",1,6
"996","0025355",1,1
"997","0025355",1,2
"998","0025355",1,3
"999","0025355",1,4
"1000","0025355",1,5
"1001","0025356",1,1
"1002","0025356",1,2
"1003","0025356",1,3
"1004","0025356",1,4
"1005","0025356",1,5
"1006","0025356",1,6
"1007","0025357",1,1
"1008","0025357",1,2
"1009","0025357",1,3
"1010","0025357",1,4
"1011","0025357",1,5
"1012","0025357",1,6
"1013","0025358",1,1
"1014","0025358",1,2
"1015","0025358",1,4
"1016","0025358",1,5
"1017","0025358",1,6
"1018","0025359",1,1
"1019","0025359",1,2
"1020","0025359",1,3
"1021","0025359",1,4
"1022","0025359",1,5
"1023","0025359",1,6
"1024","0025360",1,1
"1025","0025360",1,2
"1026","0025360",1,3
"1027","0025360",1,4
"1028","0025360",1,5
"1029","0025360",1,6
"1030","0025361",1,1
"1031","0025361",1,2
"1032","0025361",1,3
"1033","0025361",1,4
"1034","0025361",1,5
"1035","0025361",1,6
"1036","0025362",1,1
"1037","0025362",1,2
"1038","0025362",1,3
"1039","0025362",1,4
"1040","0025363",1,1
"1041","0025363",1,2
"1042","0025363",1,3
"1043","0025363",1,4
"1044","0025364",1,1
"1045","0025364",1,2
"1046","0025364",1,3
"1047","0025364",1,4
"1048","0025365",1,1
"1049","0025365",1,2
"1050","0025365",1,3
"1051","0025365",1,4
"1052","0025366",1,1
"1053","0025366",1,2
"1054","0025366",1,3
"1055","0025366",1,4
"1056","0025367",1,1
"1057","0025367",1,2
"1058","0025367",1,3
"1059","0025367",1,4
"1060","0025368",1,1
"1061","0025368",1,2
"1062","0025368",1,3
"1063","0025368",1,4
"1064","0025369",1,1
"1065","0025369",1,2
"1066","0025369",1,3
"1067","0025369",1,4
"1068","0025370",1,1
"1069","0025370",1,2
"1070","0025370",1,3
"1071","0025370",1,4
"1072","0025371",1,1
"1073","0025371",1,2
"1074","0025371",1,3
"1075","0025371",1,4
"1076","0025372",1,1
"1077","0025372",1,2
"1078","0025372",1,3
"1079","0025372",1,4
"1080","0025373",1,1
"1081","0025373",1,2
"1082","0025373",1,3
"1083","0025373",1,4
"1084","0025374",1,1
"1085","0025374",1,2
"1086","0025374",1,3
"1087","0025374",1,4
"1088","0025375",1,1
"1089","0025375",1,2
"1090","0025375",1,3
"1091","0025375",1,4
"1092","0025376",1,1
"1093","0025376",1,2
"1094","0025376",1,3
"1095","0025376",1,4
"1096","0025377",1,1
"1097","0025377",1,2
"1098","0025377",1,3
"1099","0025377",1,4
"1100","0025378",1,1
"1101","0025378",1,2
"1102","0025378",1,3
"1103","0025378",1,4
"1104","0025379",1,1
"1105","0025379",1,2
"1106","0025379",1,3
"1107","0025379",1,4
"1108","0025380",1,1
"1109","0025380",1,2
"1110","0025380",1,3
"1111","0025380",1,4
"1112","0025381",1,1
"1113","0025381",1,2
"1114","0025381",1,3
"1115","0025381",1,4
"1116","0025382",1,1
"1117","0025382",1,2
"1118","0025382",1,3
"1119","0025382",1,4
"1120","0025383",1,1
"1121","0025383",1,2
"1122","0025383",1,3
"1123","0025383",1,4
"1124","0025384",1,1
"1125","0025384",1,2
"1126","0025384",1,3
"1127","0025384",1,4
"1128","0025385",1,1
"1129","0025385",1,2
"1130","0025385",1,3
"1131","0025385",1,4
"1132","0025386",1,1
"1133","0025386",1,2
"1134","0025386",1,3
"1135","0025386",1,4
"1136","0025387",1,1
"1137","0025387",1,2
"1138","0025387",1,3
"1139","0025387",1,4
"1140","0025388",1,1
"1141","0025388",1,2
"1142","0025388",1,3
"1143","0025388",1,4
"1144","0025389",1,1
"1145","0025389",1,2
"1146","0025389",1,3
"1147","0025389",1,4
"1148","0025390",1,1
"1149","0025390",1,2
"1150","0025390",1,3
"1151","0025390",1,4
"1152","0025391",1,1
"1153","0025391",1,2
"1154","0025391",1,3
"1155","0025391",1,4
"1156","0025392",1,1
"1157","0025392",1,2
"1158","0025392",1,3
"1159","0025392",1,4
"1160","0025393",1,1
"1161","0025393",1,2
"1162","0025393",1,3
"1163","0025393",1,4
"1164","0025394",1,1
"1165","0025394",1,2
"1166","0025394",1,3
"1167","0025394",1,4
"1168","0025395",1,1
"1169","0025395",1,2
"1170","0025395",1,3
"1171","0025395",1,4
"1172","0025396",1,1
"1173","0025396",1,2
"1174","0025396",1,3
"1175","0025396",1,4
"1176","0025397",1,1
"1177","0025397",1,2
"1178","0025397",1,3
"1179","0025397",1,4
"1180","0025398",1,1
"1181","0025398",1,2
"1182","0025398",1,3
"1183","0025398",1,4
"1184","0025399",1,1
"1185","0025399",1,2
"1186","0025399",1,3
"1187","0025399",1,4
"1188","0025400",1,1
"1189","0025400",1,2
"1190","0025400",1,3
"1191","0025400",1,4
"1192","0025401",1,1
"1193","0025401",1,2
"1194","0025401",1,3
"1195","0025401",1,4
"1196","0025402",1,1
"1197","0025402",2,1
"1198","0025403",1,1
"1199","0025403",2,1
"1200","0025404",1,1
"1201","0025404",2,1
"1202","0025405",1,1
"1203","0025405",2,1
"1204","0025406",1,1
"1205","0025406",2,1
"1206","0025407",1,1
"1207","0025407",2,1
"1208","0025408",1,1
"1209","0025408",2,1
"1210","0025409",1,1
"1211","0025409",2,1
"1212","0025410",1,1
"1213","0025410",2,1
"1214","0025411",1,1
"1215","0025411",2,1
"1216","0025412",1,1
"1217","0025412",2,1
"1218","0025413",1,1
"1219","0025413",2,1
"1220","0025414",1,1
"1221","0025414",2,1
"1222","0025415",1,1
"1223","0025415",2,1
"1224","0025416",1,1
"1225","0025416",2,1
"1226","0025417",1,1
"1227","0025417",2,1
"1228","0025418",1,1
"1229","0025418",2,1
"1230","0025419",1,1
"1231","0025419",2,1
"1232","0025420",1,1
"1233","0025420",2,1
"1234","0025421",1,1
"1235","0025421",2,1
"1236","0025422",1,1
"1237","0025422",2,1
"1238","0025423",1,1
"1239","0025423",2,1
"1240","0025424",1,1
"1241","0025424",2,1
"1242","0025425",1,1
"1243","0025425",2,1
"1244","0025426",1,1
"1245","0025426",2,1
"1246","0025427",1,1
"1247","0025427",10,1
"1248","0025427",2,1
"1249","0025427",3,1
"1250","0025427",4,1
"1251","0025427",5,1
"1252","0025427",6,1
"1253","0025427",7,1
"1254","0025427",8,1
"1255","0025427",9,1
"1256","0025428",1,1
"1257","0025428",10,1
"1258","0025428",2,1
"1259","0025428",3,1
"1260","0025428",4,1
"1261","0025428",5,1
"1262","0025428",6,1
"1263","0025428",7,1
"1264","0025428",8,1
"1265","0025428",9,1
"1266","0025429",1,1
"1267","0025429",10,1
"1268","0025429",2,1
"1269","0025429",3,1
"1270","0025429",4,1
"1271","0025429",5,1
"1272","0025429",6,1
"1273","0025429",7,1
"1274","0025429",8,1
"1275","0025429",9,1
"1276","0025430",1,1
"1277","0025430",10,1
"1278","0025430",2,1
"1279","0025430",3,1
"1280","0025430",4,1
"1281","0025430",5,1
"1282","0025430",6,1
"1283","0025430",7,1
"1284","0025430",8,1
"1285","0025430",9,1
"1286","0025431",1,1
"1287","0025431",10,1
"1288","0025431",2,1
"1289","0025431",3,1
"1290","0025431",4,1
"1291","0025431",5,1
"1292","0025431",6,1
"1293","0025431",7,1
"1294","0025431",8,1
"1295","0025431",9,1
"1296","0025432",1,1
"1297","0025432",10,1
"1298","0025432",2,1
"1299","0025432",3,1
"1300","0025432",4,1
"1301","0025432",5,1
"1302","0025432",6,1
"1303","0025432",7,1
"1304","0025432",8,1
"1305","0025432",9,1
"1306","0025433",1,1
"1307","0025433",10,1
"1308","0025433",2,1
"1309","0025433",3,1
"1310","0025433",4,1
"1311","0025433",5,1
"1312","0025433",6,1
"1313","0025433",7,1
"1314","0025433",8,1
"1315","0025433",9,1
"1316","0025434",1,1
"1317","0025434",10,1
"1318","0025434",2,1
"1319","0025434",3,1
"1320","0025434",4,1
"1321","0025434",5,1
"1322","0025434",6,1
"1323","0025434",7,1
"1324","0025434",8,1
"1325","0025434",9,1
"1326","0025435",1,1
"1327","0025435",10,1
"1328","0025435",2,1
"1329","0025435",3,1
"1330","0025435",4,1
"1331","0025435",5,1
"1332","0025435",6,1
"1333","0025435",7,1
"1334","0025435",8,1
"1335","0025435",9,1
"1336","0025436",1,1
"1337","0025436",10,1
"1338","0025436",2,1
"1339","0025436",3,1
"1340","0025436",4,1
"1341","0025436",5,1
"1342","0025436",6,1
"1343","0025436",7,1
"1344","0025436",8,1
"1345","0025436",9,1
"1346","0025437",1,1
"1347","0025437",10,1
"1348","0025437",2,1
"1349","0025437",3,1
"1350","0025437",4,1
"1351","0025437",5,1
"1352","0025437",6,1
"1353","0025437",7,1
"1354","0025437",8,1
"1355","0025437",9,1
"1356","0025438",1,1
"1357","0025438",10,1
"1358","0025438",2,1
"1359","0025438",3,1
"1360","0025438",4,1
"1361","0025438",5,1
"1362","0025438",6,1
"1363","0025438",7,1
"1364","0025438",8,1
"1365","0025438",9,1
"1366","0025439",1,1
"1367","0025439",10,1
"1368","0025439",2,1
"1369","0025439",3,1
"1370","0025439",4,1
"1371","0025439",5,1
"1372","0025439",6,1
"1373","0025439",7,1
"1374","0025439",8,1
"1375","0025439",9,1
"1376","0025440",1,1
"1377","0025440",10,1
"1378","0025440",2,1
"1379","0025440",3,1
"1380","0025440",4,1
"1381","0025440",5,1
"1382","0025440",6,1
"1383","0025440",7,1
"1384","0025440",8,1
"1385","0025440",9,1
"1386","0025441",1,1
"1387","0025441",10,1
"1388","0025441",2,1
"1389","0025441",3,1
"1390","0025441",4,1
"1391","0025441",5,1
"1392","0025441",6,1
"1393","0025441",7,1
"1394","0025441",8,1
"1395","0025441",9,1
"1396","0025442",1,1
"1397","0025442",10,1
"1398","0025442",2,1
"1399","0025442",3,1
"1400","0025442",4,1
"1401","0025442",5,1
"1402","0025442",6,1
"1403","0025442",7,1
"1404","0025442",8,1
"1405","0025442",9,1
"1406","0025443",1,1
"1407","0025443",10,1
"1408","0025443",2,1
"1409","0025443",3,1
"1410","0025443",4,1
"1411","0025443",5,1
"1412","0025443",6,1
"1413","0025443",7,1
"1414","0025443",8,1
"1415","0025443",9,1
"1416","0025444",1,1
"1417","0025444",10,1
"1418","0025444",2,1
"1419","0025444",3,1
"1420","0025444",4,1
"1421","0025444",5,1
"1422","0025444",6,1
"1423","0025444",7,1
"1424","0025444",8,1
"1425","0025444",9,1
"1426","0025445",1,1
"1427","0025445",10,1
"1428","0025445",2,1
"1429","0025445",3,1
"1430","0025445",4,1
"1431","0025445",5,1
"1432","0025445",6,1
"1433","0025445",7,1
"1434","0025445",8,1
"1435","0025445",9,1
"1436","0025446",1,1
"1437","0025446",10,1
"1438","0025446",2,1
"1439","0025446",3,1
"1440","0025446",4,1
"1441","0025446",5,1
"1442","0025446",6,1
"1443","0025446",7,1
"1444","0025446",8,1
"1445","0025446",9,1
"1446","0025447",1,1
"1447","0025447",10,1
"1448","0025447",2,1
"1449","0025447",3,1
"1450","0025447",4,1
"1451","0025447",5,1
"1452","0025447",6,1
"1453","0025447",7,1
"1454","0025447",8,1
"1455","0025447",9,1
"1456","0025448",1,1
"1457","0025448",10,1
"1458","0025448",2,1
"1459","0025448",3,1
"1460","0025448",4,1
"1461","0025448",5,1
"1462","0025448",6,1
"1463","0025448",7,1
"1464","0025448",8,1
"1465","0025448",9,1
"1466","0025449",1,1
"1467","0025449",10,1
"1468","0025449",2,1
"1469","0025449",3,1
"1470","0025449",4,1
"1471","0025449",5,1
"1472","0025449",6,1
"1473","0025449",7,1
"1474","0025449",8,1
"1475","0025449",9,1
"1476","0025450",1,1
"1477","0025450",10,1
"1478","0025450",2,1
"1479","0025450",3,1
"1480","0025450",4,1
"1481","0025450",5,1
"1482","0025450",6,1
"1483","0025450",7,1
"1484","0025450",8,1
"1485","0025450",9,1
"1486","0025451",1,1
"1487","0025451",10,1
"1488","0025451",2,1
"1489","0025451",3,1
"1490","0025451",4,1
"1491","0025451",5,1
"1492","0025451",6,1
"1493","0025451",7,1
"1494","0025451",8,1
"1495","0025451",9,1
"1496","0025452",1,1
"1497","0025452",10,1
"1498","0025452",2,1
"1499","0025452",3,1
"1500","0025452",4,1
"1501","0025452",5,1
"1502","0025452",6,1
"1503","0025452",7,1
"1504","0025452",8,1
"1505","0025452",9,1
"1506","0025453",1,1
"1507","0025453",10,1
"1508","0025453",2,1
"1509","0025453",3,1
"1510","0025453",4,1
"1511","0025453",5,1
"1512","0025453",6,1
"1513","0025453",7,1
"1514","0025453",8,1
"1515","0025453",9,1
"1516","0025454",1,1
"1517","0025454",10,1
"1518","0025454",2,1
"1519","0025454",3,1
"1520","0025454",4,1
"1521","0025454",5,1
"1522","0025454",6,1
"1523","0025454",7,1
"1524","0025454",8,1
"1525","0025454",9,1
"1526","0025455",1,1
"1527","0025455",10,1
"1528","0025455",2,1
"1529","0025455",3,1
"1530","0025455",4,1
"1531","0025455",5,1
"1532","0025455",6,1
"1533","0025455",7,1
"1534","0025455",8,1
"1535","0025455",9,1
"1536","0025456",1,1
"1537","0025456",10,1
"1538","0025456",2,1
"1539","0025456",3,1
"1540","0025456",4,1
"1541","0025456",5,1
"1542","0025456",6,1
"1543","0025456",7,1
"1544","0025456",8,1
"1545","0025456",9,1
"1546","0025457",1,1
"1547","0025457",2,1
"1548","0025458",1,1
"1549","0025458",2,1
"1550","0025458",3,1
"1551","0025459",1,1
"1552","0025459",2,1
"1553","0025460",1,1
"1554","0025460",2,1
"1555","0025461",1,1
"1556","0025461",2,1
"1557","0025462",1,1
"1558","0025462",2,1
"1559","0025463",1,1
"1560","0025463",2,1
"1561","0025463",3,1
"1562","0025464",1,1
"1563","0025464",2,1
"1564","0025465",1,1
"1565","0025465",2,1
"1566","0025465",3,1
"1567","0025466",1,1
"1568","0025466",2,1
"1569","0025466",3,1
"1570","0025467",1,1
"1571","0025467",2,1
"1572","0025468",1,1
"1573","0025469",1,1
"1574","0025469",2,1
"1575","0025470",1,1
"1576","0025470",2,1
"1577","0025471",1,1
"1578","0025471",2,1
"1579","0025472",1,1
"1580","0025472",2,1
"1581","0025473",1,1
"1582","0025473",2,1
"1583","0025474",1,1
"1584","0025474",2,1
"1585","0025475",1,1
"1586","0025475",2,1
"1587","0025476",1,1
"1588","0025476",2,1
"1589","0025477",1,1
"1590","0025477",2,1
"1591","0025478",1,1
"1592","0025478",2,1
"1593","0025479",1,1
"1594","0025479",2,1
"1595","0025480",1,1
"1596","0025480",2,1
"1597","0025481",1,1
"1598","0025481",2,1
"1599","0025482",1,1
"1600","0025482",2,1
"1601","0025483",1,1
"1602","0025483",2,1
"1603","0025484",1,1
"1604","0025484",2,1
"1605","0025485",1,1
"1606","0025485",1,2
"1607","0025485",2,1
"1608","0025485",2,2
"1609","0025486",1,1
"1610","0025486",1,2
"1611","0025486",2,1
"1612","0025486",2,2
"1613","0025487",1,1
"1614","0025487",1,2
"1615","0025487",2,1
"1616","0025487",2,2
"1617","0025488",1,1
"1618","0025488",1,2
"1619","0025488",2,1
"1620","0025488",2,2
"1621","0025489",1,1
"1622","0025489",1,2
"1623","0025489",2,1
"1624","0025489",2,2
"1625","0025490",1,1
"1626","0025490",1,2
"1627","0025490",2,1
"1628","0025490",2,2
"1629","0025491",1,1
"1630","0025491",1,2
"1631","0025491",2,1
"1632","0025491",2,2
"1633","0025492",1,1
"1634","0025492",1,2
"1635","0025492",2,1
"1636","0025492",2,2
"1637","0025493",1,1
"1638","0025493",1,2
"1639","0025493",2,1
"1640","0025493",2,2
"1641","0025494",1,1
"1642","0025494",1,2
"1643","0025494",2,1
"1644","0025494",2,2
"1645","0025495",1,1
"1646","0025495",1,2
"1647","0025495",2,1
"1648","0025495",2,2
"1649","0025496",1,1
"1650","0025496",1,2
"1651","0025496",2,1
"1652","0025496",2,2
"1653","0025497",1,1
"1654","0025497",1,2
"1655","0025497",2,1
"1656","0025497",2,2
"1657","0025498",1,1
"1658","0025498",1,2
"1659","0025498",2,1
"1660","0025498",2,2
"1661","0025499",1,1
"1662","0025499",1,2
"1663","0025499",2,1
"1664","0025499",2,2
"1665","0025500",1,1
"1666","0025500",1,2
"1667","0025500",2,1
"1668","0025500",2,2
"1669","0025501",1,1
"1670","0025501",1,2
"1671","0025501",2,1
"1672","0025501",2,2
"1673","0025502",1,1
"1674","0025502",1,2
"1675","0025502",2,1
"1676","0025502",2,2
"1677","0025503",1,1
"1678","0025503",1,2
"1679","0025503",2,1
"1680","0025504",1,1
"1681","0025504",1,2
"1682","0025504",2,1
"1683","0025504",2,2
"1684","0025505",1,1
"1685","0025505",1,2
"1686","0025505",2,1
"1687","0025505",2,2
"1688","0025506",1,1
"1689","0025506",2,1
"1690","0025506",2,2
"1691","0025507",1,1
"1692","0025507",1,2
"1693","0025507",2,1
"1694","0025507",2,2
"1695","0025508",1,1
"1696","0025508",1,2
"1697","0025508",2,1
"1698","0025508",2,2
"1699","0025509",1,1
"1700","0025509",1,2
"1701","0025509",2,1
"1702","0025509",2,2
"1703","0025510",1,1
"1704","0025510",1,2
"1705","0025510",2,1
"1706","0025510",2,2
"1707","0025511",1,1
"1708","0025511",1,2
"1709","0025511",2,1
"1710","0025511",2,2
"1711","0025512",1,1
"1712","0025512",1,2
"1713","0025512",2,1
"1714","0025512",2,2
"1715","0025513",1,1
"1716","0025513",1,2
"1717","0025513",2,1
"1718","0025513",2,2
"1719","0025514",1,1
"1720","0025514",1,2
"1721","0025514",2,1
"1722","0025514",2,2
"1723","0025515",1,1
"1724","0025515",2,1
"1725","0025516",1,1
"1726","0025516",2,1
"1727","0025517",1,1
"1728","0025517",2,1
"1729","0025518",1,1
"1730","0025518",2,1
"1731","0025519",1,1
"1732","0025519",2,1
"1733","0025520",1,1
"1734","0025520",2,1
"1735","0025521",1,1
"1736","0025521",2,1
"1737","0025522",1,1
"1738","0025522",2,1
"1739","0025523",1,1
"1740","0025523",2,1
"1741","0025524",1,1
"1742","0025524",2,1
"1743","0025525",1,1
"1744","0025525",2,1
"1745","0025526",1,1
"1746","0025526",2,1
"1747","0025527",1,1
"1748","0025527",2,1
"1749","0025528",1,1
"1750","0025528",2,1
"1751","0025529",1,1
"1752","0025529",2,1
"1753","0025530",1,1
"1754","0025530",2,1
"1755","0025531",1,1
"1756","0025531",2,1
"1757","0025532",1,1
"1758","0025532",2,1
"1759","0025533",1,1
"1760","0025533",2,1
"1761","0025534",1,1
"1762","0025534",2,1
"1763","0025535",1,1
"1764","0025535",2,1
"1765","0025536",1,1
"1766","0025536",2,1
"1767","0025537",1,1
"1768","0025537",2,1
"1769","0025538",1,1
"1770","0025538",2,1
"1771","0025539",1,1
"1772","0025539",2,1
"1773","0025540",1,1
"1774","0025540",2,1
"1775","0025541",1,1
"1776","0025541",2,1
"1777","0025542",1,1
"1778","0025542",2,1
"1779","0025543",1,1
"1780","0025543",2,1
"1781","0025544",1,1
"1782","0025544",2,1
"1783","0025545",1,1
"1784","0025545",2,1
"1785","0025546",1,1
"1786","0025546",2,1
"1787","0025547",1,1
"1788","0025547",2,1
"1789","0025548",1,1
"1790","0025548",2,1
"1791","0025549",1,1
"1792","0025549",2,1
"1793","0025550",1,1
"1794","0025550",1,2
"1795","0025551",1,1
"1796","0025551",1,2
"1797","0025552",1,1
"1798","0025552",1,2
"1799","0025553",1,1
"1800","0025553",1,2
"1801","0025554",1,1
"1802","0025554",1,2
"1803","0025555",1,1
"1804","0025555",1,2
"1805","0025556",1,1
"1806","0025556",1,2
"1807","0025557",1,1
"1808","0025557",1,2
"1809","0025557",2,1
"1810","0025557",2,2
"1811","0025558",1,1
"1812","0025558",1,2
"1813","0025559",1,1
"1814","0025559",1,2
"1815","0025560",1,1
"1816","0025560",1,2
"1817","0025561",1,1
"1818","0025561",1,2
"1819","0025561",2,1
"1820","0025561",2,2
"1821","0025562",1,1
"1822","0025562",1,2
"1823","0025562",2,1
"1824","0025562",2,2
"1825","0025563",1,1
"1826","0025563",1,2
"1827","0025564",1,1
"1828","0025564",1,2
"1829","0025565",1,1
"1830","0025565",1,2
"1831","0025566",1,1
"1832","0025566",1,2
"1833","0025567",1,1
"1834","0025567",1,2
"1835","0025567",2,1
"1836","0025567",2,2
"1837","0025568",1,1
"1838","0025568",1,2
"1839","0025569",1,1
"1840","0025569",1,2
"1841","0025570",1,1
"1842","0025570",1,2
"1843","0025571",1,1
"1844","0025571",1,2
"1845","0025572",1,1
"1846","0025572",1,2
"1847","0025573",1,1
"1848","0025573",1,2
"1849","0025574",1,1
"1850","0025574",1,2
"1851","0025575",1,1
"1852","0025575",1,2
"1853","0025576",1,1
"1854","0025576",1,2
"1855","0025577",1,1
"1856","0025577",1,2
"1857","0025578",1,1
"1858","0025578",1,2
"1859","0025579",1,1
"1860","0025579",1,2
"1861","0025580",1,1
"1862","0025580",1,2
"1863","0025581",1,1
"1864","0025581",1,2
"1865","0025582",1,1
"1866","0025582",1,2
"1867","0025583",1,1
"1868","0025583",1,2
"1869","0025584",1,1
"1870","0025584",1,2
"1871","0025585",1,1
"1872","0025585",1,2
"1873","0025586",1,1
"1874","0025586",2,1
"1875","0025587",1,1
"1876","0025587",2,1
"1877","0025588",1,1
"1878","0025588",2,1
"1879","0025589",1,1
"1880","0025589",2,1
"1881","0025590",1,1
"1882","0025590",2,1
"1883","0025591",1,1
"1884","0025591",2,1
"1885","0025592",1,1
"1886","0025592",2,1
"1887","0025593",1,1
"1888","0025593",2,1
"1889","0025594",1,1
"1890","0025594",2,1
"1891","0025595",1,1
"1892","0025595",2,1
"1893","0025596",1,1
"1894","0025596",2,1
"1895","0025597",1,1
"1896","0025597",2,1
"1897","0025598",1,1
"1898","0025598",2,1
"1899","0025599",1,1
"1900","0025599",2,1
"1901","0025600",1,1
"1902","0025600",2,1
"1903","0025601",1,1
"1904","0025601",2,1
"1905","0025602",1,1
"1906","0025602",2,1
"1907","0025603",1,1
"1908","0025603",2,1
"1909","0025604",1,1
"1910","0025604",2,1
"1911","0025605",1,1
"1912","0025605",2,1
"1913","0025606",1,1
"1914","0025606",2,1
"1915","0025607",1,1
"1916","0025607",2,1
"1917","0025608",1,1
"1918","0025608",2,1
"1919","0025609",1,1
"1920","0025609",2,1
"1921","0025610",1,1
"1922","0025610",2,1
"1923","0025611",1,1
"1924","0025611",2,1
"1925","0025612",1,1
"1926","0025612",2,1
"1927","0025613",1,1
"1928","0025613",2,1
"1929","0025614",1,1
"1930","0025614",2,1
"1931","0025615",1,1
"1932","0025615",2,1
"1933","0025616",1,1
"1934","0025616",2,1
"1935","0025617",1,1
"1936","0025617",2,1
"1937","0025618",1,1
"1938","0025618",2,1
"1939","0025619",1,1
"1940","0025619",2,1
"1941","0025620",1,1
"1942","0025620",2,1
"1943","0025621",1,1
"1944","0025621",2,1
"1945","0025622",1,1
"1946","0025622",2,1
"1947","0025623",1,1
"1948","0025623",2,1
"1949","0025624",1,1
"1950","0025624",2,1
"1951","0025625",1,1
"1952","0025625",2,1
"1953","0025626",1,1
"1954","0025626",2,1
"1955","0025627",1,1
"1956","0025627",2,1
"1957","0025628",1,1
"1958","0025628",2,1
"1959","0025629",1,1
"1960","0025629",2,1
"1961","0025630",1,1
"1962","0025630",2,1
"1963","0025631",1,1
"1964","0025631",2,1
"1965","0025632",1,1
"1966","0025632",2,1
"1967","0025633",1,1
"1968","0025633",2,1
"1969","0025634",1,1
"1970","0025634",2,1
"1971","0025635",1,1
"1972","0025635",2,1
"1973","0025636",1,1
"1974","0025636",2,1
"1975","0025637",1,1
"1976","0025637",2,1
"1977","0025638",1,1
"1978","0025638",2,1
"1979","0025639",1,1
"1980","0025639",2,1
"1981","0025640",1,1
"1982","0025640",2,1
"1983","0025641",1,1
"1984","0025641",2,1
"1985","0025642",1,1
"1986","0025642",2,1
"1987","0025643",1,1
"1988","0025643",2,1
"1989","0025644",1,1
"1990","0025644",2,1
"1991","0025645",1,1
"1992","0025645",2,1
"1993","0025646",1,1
"1994","0025646",2,1
"1995","0025647",1,1
"1996","0025647",2,1
"1997","0025648",1,1
"1998","0025648",2,1
"1999","0025649",1,1
"2000","0025649",2,1
"2001","0025650",1,1
"2002","0025650",2,1
"2003","0025651",1,1
"2004","0025651",2,1
"2005","0025652",1,1
"2006","0025652",2,1
"2007","0025653",1,1
"2008","0025653",2,1
"2009","0025654",1,1
"2010","0025654",2,1
"2011","0025655",1,1
"2012","0025655",2,1
"2013","0025656",1,1
"2014","0025656",2,1
"2015","0025657",1,1
"2016","0025657",2,1
"2017","0025658",1,1
"2018","0025658",2,1
"2019","0025659",1,1
"2020","0025659",2,1
"2021","0025660",1,1
"2022","0025660",2,1
"2023","0025661",1,1
"2024","0025661",2,1
"2025","0025662",1,1
"2026","0025662",2,1
"2027","0025663",1,1
"2028","0025663",2,1
"2029","0025664",1,1
"2030","0025664",2,1
"2031","0025665",1,1
"2032","0025665",2,1
"2033","0025666",1,1
"2034","0025666",2,1
"2035","0025667",1,1
"2036","0025667",2,1
"2037","0025668",1,1
"2038","0025668",2,1
"2039","0025669",1,1
"2040","0025669",2,1
"2041","0025670",1,1
"2042","0025670",2,1
"2043","0025671",1,1
"2044","0025671",2,1
"2045","0025672",1,1
"2046","0025672",2,1
"2047","0025673",1,1
"2048","0025673",2,1
"2049","0025674",1,1
"2050","0025674",2,1
"2051","0025675",1,1
"2052","0025675",2,1
"2053","0025676",1,1
"2054","0025676",2,1
"2055","0025677",1,1
"2056","0025677",2,1
"2057","0025678",1,1
"2058","0025678",2,1
"2059","0025679",1,1
"2060","0025679",2,1
"2061","0025680",1,1
"2062","0025680",2,1
"2063","0025681",1,1
"2064","0025681",2,1
"2065","0025682",1,1
"2066","0025682",2,1
"2067","0025683",1,1
"2068","0025683",2,1
"2069","0025684",1,1
"2070","0025684",2,1
"2071","0025685",1,1
"2072","0025685",2,1
"2073","0025686",1,1
"2074","0025686",2,1
"2075","0025687",1,1
"2076","0025687",2,1
"2077","0025688",1,1
"2078","0025688",2,1
"2079","0025689",1,1
"2080","0025689",2,1
"2081","0025690",1,1
"2082","0025690",2,1
"2083","0025691",1,1
"2084","0025691",2,1
"2085","0025692",1,1
"2086","0025692",2,1
"2087","0025693",1,1
"2088","0025693",2,1
"2089","0025694",1,1
"2090","0025694",2,1
"2091","0025695",1,1
"2092","0025695",2,1
"2093","0025696",1,1
"2094","0025696",2,1
"2095","0025697",1,1
"2096","0025697",2,1
"2097","0025698",1,1
"2098","0025698",2,1
"2099","0025699",1,1
"2100","0025699",2,1
"2101","0025700",1,1
"2102","0025700",2,1
"2103","0025701",1,1
"2104","0025701",2,1
"2105","0025702",1,1
"2106","0025702",2,1
"2107","0025703",1,1
"2108","0025703",2,1
"2109","0025704",1,1
"2110","0025704",2,1
"2111","0025705",1,1
"2112","0025705",2,1
"2113","0025706",1,1
"2114","0025706",2,1
"2115","0025707",1,1
"2116","0025707",2,1
"2117","0025708",1,1
"2118","0025708",2,1
"2119","0025709",1,1
"2120","0025709",2,1
"2121","0025710",1,1
"2122","0025710",2,1
"2123","0025711",1,1
"2124","0025711",2,1
"2125","0025712",1,1
"2126","0025712",2,1
"2127","0025713",1,1
"2128","0025713",2,1
"2129","0025714",1,1
"2130","0025714",2,1
"2131","0025715",1,1
"2132","0025715",2,1
"2133","0025716",1,1
"2134","0025716",2,1
"2135","0025717",1,1
"2136","0025717",2,1
"2137","0025718",1,1
"2138","0025718",2,1
"2139","0025719",1,1
"2140","0025719",2,1
"2141","0025720",1,1
"2142","0025720",2,1
"2143","0025721",1,1
"2144","0025721",2,1
"2145","0025722",1,1
"2146","0025722",2,1
"2147","0025723",1,1
"2148","0025723",2,1
"2149","0025724",1,1
"2150","0025724",2,1
"2151","0025725",1,1
"2152","0025725",2,1
"2153","0025726",1,1
"2154","0025726",2,1
"2155","0025727",1,1
"2156","0025727",2,1
"2157","0025728",1,1
"2158","0025728",2,1
"2159","0025729",1,1
"2160","0025729",2,1
"2161","0025730",1,1
"2162","0025730",2,1
"2163","0025731",1,1
"2164","0025731",2,1
"2165","0025732",1,1
"2166","0025732",2,1
"2167","0025733",1,1
"2168","0025733",2,1
"2169","0025734",1,1
"2170","0025734",2,1
"2171","0025735",1,1
"2172","0025735",2,1
"2173","0025736",1,1
"2174","0025736",2,1
"2175","0025737",1,1
"2176","0025737",2,1
"2177","0025738",1,1
"2178","0025738",2,1
"2179","0025739",1,1
"2180","0025739",2,1
"2181","0025740",1,1
"2182","0025740",2,1
"2183","0025741",1,1
"2184","0025741",2,1
"2185","0025742",1,1
"2186","0025742",2,1
"2187","0025743",1,1
"2188","0025743",2,1
"2189","0025744",1,1
"2190","0025744",2,1
"2191","0025745",1,1
"2192","0025745",2,1
"2193","0025746",2,1
"2194","0025747",1,1
"2195","0025747",2,1
"2196","0025748",1,1
"2197","0025748",2,1
"2198","0025749",1,1
"2199","0025749",2,1
"2200","0025750",1,1
"2201","0025750",2,1
"2202","0025751",1,1
"2203","0025751",2,1
"2204","0025752",1,1
"2205","0025752",2,1
"2206","0025753",1,1
"2207","0025753",2,1
"2208","0025754",1,1
"2209","0025754",2,1
"2210","0025755",1,1
"2211","0025756",1,1
"2212","0025756",2,1
"2213","0025757",1,1
"2214","0025757",2,1
"2215","0025758",1,1
"2216","0025758",2,1
"2217","0025759",1,1
"2218","0025759",2,1
"2219","0025760",1,1
"2220","0025760",2,1
"2221","0025761",1,1
"2222","0025761",2,1
"2223","0025762",1,1
"2224","0025762",2,1
"2225","0025763",1,1
"2226","0025763",2,1
"2227","0025764",1,1
"2228","0025764",2,1
"2229","0025765",1,1
"2230","0025765",2,1
"2231","0025766",1,1
"2232","0025766",2,1
"2233","0025767",1,1
"2234","0025767",2,1
"2235","0025768",1,1
"2236","0025768",2,1
"2237","0025769",1,1
"2238","0025769",2,1
"2239","0025770",1,1
"2240","0025770",2,1
"2241","0025771",1,1
"2242","0025771",2,1
"2243","0025772",1,1
"2244","0025772",2,1
"2245","0025773",1,1
"2246","0025773",2,1
"2247","0025774",1,1
"2248","0025774",2,1
"2249","0025775",1,1
"2250","0025775",2,1
"2251","0025776",1,1
"2252","0025776",2,1
"2253","0025777",1,1
"2254","0025777",2,1
"2255","0025778",1,1
"2256","0025778",2,1
"2257","0025779",1,1
"2258","0025779",2,1
"2259","0025780",1,1
"2260","0025780",2,1
"2261","0025781",1,1
"2262","0025781",2,1
"2263","0025782",1,1
"2264","0025782",2,1
"2265","0025783",1,1
"2266","0025783",2,1
"2267","0025784",1,1
"2268","0025784",2,1
"2269","0025785",1,1
"2270","0025785",2,1
"2271","0025786",1,1
"2272","0025786",2,1
"2273","0025787",1,1
"2274","0025787",2,1
"2275","0025788",1,1
"2276","0025788",2,1
"2277","0025789",1,1
"2278","0025789",2,1
"2279","0025790",1,1
"2280","0025790",2,1
"2281","0025791",1,1
"2282","0025791",2,1
"2283","0025792",1,1
"2284","0025792",2,1
"2285","0025793",1,1
"2286","0025793",2,1
"2287","0025794",1,1
"2288","0025794",2,1
"2289","0025795",1,1
"2290","0025795",2,1
"2291","0025796",1,1
"2292","0025796",2,1
"2293","0025797",1,1
"2294","0025797",2,1
"2295","0025798",1,1
"2296","0025798",2,1
"2297","0025799",1,1
"2298","0025799",2,1
"2299","0025800",1,1
"2300","0025800",2,1
"2301","0025801",1,1
"2302","0025801",2,1
"2303","0025802",1,1
"2304","0025802",2,1
"2305","0025803",1,1
"2306","0025803",2,1
"2307","0025804",1,1
"2308","0025804",2,1
"2309","0025805",1,1
"2310","0025805",2,1
"2311","0025806",1,1
"2312","0025806",2,1
"2313","0025807",1,1
"2314","0025807",2,1
"2315","0025808",1,1
"2316","0025808",2,1
"2317","0025809",1,1
"2318","0025809",2,1
"2319","0025810",1,1
"2320","0025810",2,1
"2321","0025811",1,1
"2322","0025811",2,1
"2323","0025812",1,1
"2324","0025812",2,1
"2325","0025813",1,1
"2326","0025813",2,1
"2327","0025814",1,1
"2328","0025814",2,1
"2329","0025815",1,1
"2330","0025815",2,1
"2331","0025816",1,1
"2332","0025816",2,1
"2333","0025817",1,1
"2334","0025817",2,1
"2335","0025818",1,1
"2336","0025818",2,1
"2337","0025819",1,1
"2338","0025819",2,1
"2339","0025820",1,1
"2340","0025820",2,1
"2341","0025821",1,1
"2342","0025821",2,1
"2343","0025822",1,1
"2344","0025822",2,1
"2345","0025823",1,1
"2346","0025823",2,1
"2347","0025824",1,1
"2348","0025824",2,1
"2349","0025825",1,1
"2350","0025825",2,1
"2351","0025826",1,1
"2352","0025826",2,1
"2353","0025827",1,1
"2354","0025827",2,1
"2355","0025828",1,1
"2356","0025828",2,1
"2357","0025829",1,1
"2358","0025829",2,1
"2359","0025830",1,1
"2360","0025830",2,1
"2361","0025831",1,1
"2362","0025831",2,1
"2363","0025832",1,1
"2364","0025832",2,1
"2365","0025833",1,1
"2366","0025833",2,1
"2367","0025834",1,1
"2368","0025834",2,1
"2369","0025835",1,1
"2370","0025835",2,1
"2371","0025836",1,1
"2372","0025836",2,1
"2373","0025837",1,1
"2374","0025837",2,1
"2375","0025838",1,1
"2376","0025838",2,1
"2377","0025839",1,1
"2378","0025839",2,1
"2379","0025840",1,1
"2380","0025840",2,1
"2381","0025841",1,1
"2382","0025841",2,1
"2383","0025842",1,1
"2384","0025842",2,1
"2385","0025843",1,1
"2386","0025843",2,1
"2387","0025844",1,1
"2388","0025844",2,1
"2389","0025845",1,1
"2390","0025845",2,1
"2391","0025846",1,1
"2392","0025846",2,1
"2393","0025847",1,1
"2394","0025847",2,1
"2395","0025848",1,1
"2396","0025848",2,1
"2397","0025849",1,1
"2398","0025849",2,1
"2399","0025850",1,1
"2400","0025850",2,1
"2401","0025851",1,1
"2402","0025851",2,1
"2403","0025852",1,1
"2404","0025852",2,1
"2405","0025853",1,1
"2406","0025853",2,1
"2407","0025854",1,1
"2408","0025854",2,1
"2409","0025855",1,1
"2410","0025855",2,1
"2411","0025856",1,1
"2412","0025856",2,1
"2413","0025857",1,1
"2414","0025857",2,1
"2415","0025858",1,1
"2416","0025858",2,1
"2417","0025859",1,1
"2418","0025859",2,1
"2419","0025860",1,1
"2420","0025860",2,1
"2421","0025861",1,1
"2422","0025861",2,1
"2423","0025862",1,1
"2424","0025862",2,1
"2425","0025863",1,1
"2426","0025863",2,1
"2427","0025864",1,1
"2428","0025864",2,1
"2429","0025865",1,1
"2430","0025865",2,1
"2431","0025866",1,1
"2432","0025866",2,1
"2433","0025867",1,1
"2434","0025867",2,1
"2435","0025868",1,1
"2436","0025868",2,1
"2437","0025869",1,1
"2438","0025869",2,1
"2439","0025870",1,1
"2440","0025870",2,1
"2441","0025871",1,1
"2442","0025871",2,1
"2443","0025872",1,1
"2444","0025872",2,1
"2445","0025873",1,1
"2446","0025873",2,1
"2447","0025874",1,1
"2448","0025874",2,1
"2449","0025875",1,1
"2450","0025875",2,1
"2451","0025876",1,1
"2452","0025876",2,1
"2453","0025877",1,1
"2454","0025877",2,1
"2455","0025878",1,1
"2456","0025878",2,1
"2457","0025879",1,1
"2458","0025879",2,1
"2459","0025880",1,1
"2460","0025880",2,1
"2461","0025881",1,1
"2462","0025881",2,1
"2463","0025882",1,1
"2464","0025882",2,1
"2465","0025883",1,1
"2466","0025883",2,1
"2467","0025884",1,1
"2468","0025884",2,1
"2469","0025885",1,1
"2470","0025885",2,1
"2471","0025886",1,1
"2472","0025886",2,1
"2473","0025887",1,1
"2474","0025887",2,1
"2475","0025888",1,1
"2476","0025888",2,1
"2477","0025889",1,1
"2478","0025889",2,1
"2479","0025890",1,1
"2480","0025890",2,1
"2481","0025891",1,1
"2482","0025891",2,1
"2483","0025892",1,1
"2484","0025892",2,1
"2485","0025893",1,1
"2486","0025893",2,1
"2487","0025894",1,1
"2488","0025894",2,1
"2489","0025895",1,1
"2490","0025895",2,1
"2491","0025896",1,1
"2492","0025896",2,1
"2493","0025897",1,1
"2494","0025897",2,1
"2495","0025898",1,1
"2496","0025898",2,1
"2497","0025899",1,1
"2498","0025899",2,1
"2499","0025900",1,1
"2500","0025900",2,1
"2501","0025901",1,1
"2502","0025901",2,1
"2503","0025902",1,1
"2504","0025902",2,1
"2505","0025903",1,1
"2506","0025903",2,1
"2507","0025904",1,1
"2508","0025904",2,1
"2509","0025905",1,1
"2510","0025905",2,1
"2511","0025906",1,1
"2512","0025906",2,1
"2513","0025907",1,1
"2514","0025907",2,1
"2515","0025908",1,1
"2516","0025908",2,1
"2517","0025909",1,1
"2518","0025909",2,1
"2519","0025910",1,1
"2520","0025910",2,1
"2521","0025911",1,1
"2522","0025911",2,1
"2523","0025912",1,1
"2524","0025912",2,1
"2525","0025913",1,1
"2526","0025913",2,1
"2527","0025914",1,1
"2528","0025915",1,1
"2529","0025916",1,1
"2530","0025917",1,1
"2531","0025918",1,1
"2532","0025919",1,1
"2533","0025920",1,1
"2534","0025921",1,1
"2535","0025921",2,1
"2536","0025922",1,1
"2537","0025922",2,1
"2538","0025923",1,1
"2539","0025923",2,1
"2540","0025924",1,1
"2541","0025924",2,1
"2542","0025925",1,1
"2543","0025925",2,1
"2544","0025926",1,1
"2545","0025926",2,1
"2546","0025927",1,1
"2547","0025927",2,1
"2548","0025928",1,1
"2549","0025928",2,1
"2550","0025929",1,1
"2551","0025929",2,1
"2552","0025930",1,1
"2553","0025930",2,1
"2554","0025931",1,1
"2555","0025931",2,1
"2556","0025932",1,1
"2557","0025932",2,1
"2558","0025933",1,1
"2559","0025933",2,1
"2560","0025934",1,1
"2561","0025934",2,1
"2562","0025935",1,1
"2563","0025935",2,1
"2564","0025936",1,1
"2565","0025936",2,1
"2566","0025937",1,1
"2567","0025937",2,1
"2568","0025938",1,1
"2569","0025938",2,1
"2570","0025939",1,1
"2571","0025939",2,1
"2572","0025940",1,1
"2573","0025940",2,1
"2574","0025941",1,1
"2575","0025941",2,1
"2576","0025942",1,1
"2577","0025942",2,1
"2578","0025943",1,1
"2579","0025943",2,1
"2580","0025944",1,1
"2581","0025944",2,1
"2582","0025945",1,1
"2583","0025945",2,1
"2584","0025946",1,1
"2585","0025946",2,1
"2586","0025947",1,1
"2587","0025947",2,1
"2588","0025948",1,1
"2589","0025948",2,1
"2590","0025949",1,1
"2591","0025949",2,1
"2592","0025950",1,1
"2593","0025950",2,1
"2594","0025951",1,1
"2595","0025951",2,1
"2596","0025952",1,1
"2597","0025952",2,1
"2598","0025953",1,1
"2599","0025953",2,1
"2600","0025954",1,1
"2601","0025954",2,1
"2602","0025955",1,1
"2603","0025955",2,1
"2604","0025956",1,1
"2605","0025956",2,1
"2606","0025957",1,1
"2607","0025957",2,1
"2608","0025958",1,1
"2609","0025958",2,1
"2610","0025959",1,1
"2611","0025959",2,1
"2612","0025960",1,1
"2613","0025960",2,1
"2614","0025961",1,1
"2615","0025961",2,1
"2616","0025962",1,1
"2617","0025962",2,1
"2618","0025963",1,1
"2619","0025963",2,1
"2620","0025964",1,1
"2621","0025964",2,1
"2622","0025965",1,1
"2623","0025965",2,1
"2624","0025966",1,1
"2625","0025966",2,1
"2626","0025967",1,1
"2627","0025967",2,1
"2628","0025968",1,1
"2629","0025968",2,1
"2630","0025969",1,1
"2631","0025969",2,1
"2632","0025970",1,1
"2633","0025970",2,1
"2634","0025971",1,1
"2635","0025971",2,1
"2636","0025972",1,1
"2637","0025972",2,1
"2638","0025973",1,1
"2639","0025973",2,1
"2640","0025974",1,1
"2641","0025974",2,1
"2642","0025975",1,1
"2643","0025975",2,1
"2644","0025976",1,1
"2645","0025976",2,1
"2646","0025977",1,1
"2647","0025977",2,1
"2648","0025978",1,1
"2649","0025978",2,1
"2650","0025979",1,1
"2651","0025979",2,1
"2652","0025980",1,1
"2653","0025980",2,1
"2654","0025981",1,1
"2655","0025981",2,1
"2656","0025982",1,1
"2657","0025982",1,2
"2658","0025982",1,3
"2659","0025982",2,1
"2660","0025982",2,2
"2661","0025982",2,3
"2662","0025982",3,1
"2663","0025982",3,2
"2664","0025982",3,3
"2665","0025982",4,1
"2666","0025982",4,2
"2667","0025982",4,3
"2668","0025982",5,1
"2669","0025982",5,2
"2670","0025983",1,1
"2671","0025983",1,2
"2672","0025983",1,3
"2673","0025983",2,1
"2674","0025983",2,2
"2675","0025983",2,3
"2676","0025983",3,1
"2677","0025983",3,2
"2678","0025983",4,1
"2679","0025983",4,2
"2680","0025983",5,1
"2681","0025983",5,2
"2682","0025984",1,1
"2683","0025984",1,2
"2684","0025984",2,1
"2685","0025984",2,2
"2686","0025984",3,1
"2687","0025984",3,2
"2688","0025984",4,1
"2689","0025984",4,2
"2690","0025984",5,1
"2691","0025984",5,2
"2692","0025985",1,1
"2693","0025985",1,2
"2694","0025985",2,1
"2695","0025985",2,2
"2696","0025985",3,1
"2697","0025985",3,2
"2698","0025985",4,1
"2699","0025985",4,2
"2700","0025985",5,1
"2701","0025985",5,2
"2702","0025986",1,1
"2703","0025986",1,2
"2704","0025986",2,1
"2705","0025986",2,2
"2706","0025986",3,1
"2707","0025986",3,2
"2708","0025986",4,1
"2709","0025986",4,2
"2710","0025986",5,1
"2711","0025986",5,2
"2712","0025987",1,1
"2713","0025987",1,2
"2714","0025987",1,3
"2715","0025987",2,1
"2716","0025987",2,2
"2717","0025987",3,1
"2718","0025987",3,2
"2719","0025987",4,1
"2720","0025987",4,2
"2721","0025987",5,1
"2722","0025987",5,2
"2723","0025988",1,1
"2724","0025988",1,2
"2725","0025988",2,1
"2726","0025988",2,2
"2727","0025988",3,1
"2728","0025988",3,2
"2729","0025988",4,1
"2730","0025988",4,2
"2731","0025988",5,1
"2732","0025988",5,2
"2733","0025989",1,1
"2734","0025989",1,2
"2735","0025989",2,1
"2736","0025989",2,2
"2737","0025989",3,1
"2738","0025989",3,2
"2739","0025989",4,1
"2740","0025989",4,2
"2741","0025989",5,1
"2742","0025989",5,2
"2743","0025990",1,1
"2744","0025990",1,2
"2745","0025990",2,1
"2746","0025990",2,2
"2747","0025990",3,1
"2748","0025990",3,2
"2749","0025990",4,1
"2750","0025990",4,2
"2751","0025990",5,1
"2752","0025990",5,2
"2753","0025991",1,1
"2754","0025991",1,2
"2755","0025991",2,1
"2756","0025991",2,2
"2757","0025991",3,1
"2758","0025991",3,2
"2759","0025991",4,1
"2760","0025991",4,2
"2761","0025991",5,1
"2762","0025991",5,2
"2763","0025992",1,1
"2764","0025992",1,2
"2765","0025992",2,1
"2766","0025992",2,2
"2767","0025992",3,1
"2768","0025992",3,2
"2769","0025992",4,1
"2770","0025992",4,2
"2771","0025992",5,1
"2772","0025992",5,2
"2773","0025993",1,1
"2774","0025993",1,2
"2775","0025993",2,1
"2776","0025993",2,2
"2777","0025993",3,1
"2778","0025993",3,2
"2779","0025993",4,1
"2780","0025993",4,2
"2781","0025993",5,1
"2782","0025993",5,2
"2783","0025994",1,1
"2784","0025994",1,2
"2785","0025994",2,1
"2786","0025994",2,2
"2787","0025994",3,1
"2788","0025994",3,2
"2789","0025994",4,1
"2790","0025994",4,2
"2791","0025994",5,1
"2792","0025994",5,2
"2793","0025995",1,1
"2794","0025995",1,2
"2795","0025995",2,1
"2796","0025995",2,2
"2797","0025995",3,1
"2798","0025995",3,2
"2799","0025995",4,1
"2800","0025995",4,2
"2801","0025995",5,1
"2802","0025995",5,2
"2803","0025996",1,1
"2804","0025996",1,2
"2805","0025996",2,1
"2806","0025996",2,2
"2807","0025996",3,1
"2808","0025996",3,2
"2809","0025996",4,1
"2810","0025996",4,2
"2811","0025996",5,1
"2812","0025996",5,2
"2813","0025997",1,1
"2814","0025997",1,2
"2815","0025997",2,1
"2816","0025997",2,2
"2817","0025997",3,1
"2818","0025997",3,2
"2819","0025997",4,1
"2820","0025997",4,2
"2821","0025997",5,1
"2822","0025997",5,2
"2823","0025998",1,1
"2824","0025998",1,2
"2825","0025998",2,1
"2826","0025998",2,2
"2827","0025998",3,1
"2828","0025998",3,2
"2829","0025998",4,1
"2830","0025998",4,2
"2831","0025998",5,1
"2832","0025998",5,2
"2833","0025999",1,1
"2834","0025999",1,2
"2835","0025999",1,3
"2836","0025999",2,1
"2837","0025999",2,2
"2838","0025999",3,1
"2839","0025999",3,2
"2840","0025999",3,3
"2841","0025999",4,1
"2842","0025999",4,2
"2843","0025999",5,1
"2844","0025999",5,2
"2845","0026000",1,1
"2846","0026000",1,2
"2847","0026000",2,1
"2848","0026000",2,2
"2849","0026000",3,1
"2850","0026000",3,2
"2851","0026000",4,1
"2852","0026000",4,2
"2853","0026000",5,1
"2854","0026000",5,2
"2855","0026001",1,1
"2856","0026001",1,2
"2857","0026001",2,1
"2858","0026001",2,2
"2859","0026001",3,1
"2860","0026001",3,2
"2861","0026001",4,1
"2862","0026001",4,2
"2863","0026001",5,1
"2864","0026001",5,2
"2865","0026002",1,1
"2866","0026002",1,2
"2867","0026002",2,1
"2868","0026002",2,2
"2869","0026002",3,1
"2870","0026002",3,2
"2871","0026002",4,1
"2872","0026002",4,2
"2873","0026002",5,1
"2874","0026002",5,2
"2875","0026003",1,1
"2876","0026003",1,2
"2877","0026003",2,1
"2878","0026003",2,2
"2879","0026003",3,1
"2880","0026003",3,2
"2881","0026003",4,1
"2882","0026003",4,2
"2883","0026003",5,1
"2884","0026003",5,2
"2885","0026004",1,1
"2886","0026004",1,2
"2887","0026004",2,1
"2888","0026004",2,2
"2889","0026004",3,1
"2890","0026004",3,2
"2891","0026004",4,1
"2892","0026004",4,2
"2893","0026004",5,1
"2894","0026004",5,2
"2895","0026005",1,1
"2896","0026005",1,2
"2897","0026005",2,1
"2898","0026005",2,2
"2899","0026005",3,1
"2900","0026005",3,2
"2901","0026005",4,1
"2902","0026005",4,2
"2903","0026005",5,1
"2904","0026005",5,2
"2905","0026006",1,1
"2906","0026006",1,2
"2907","0026006",2,1
"2908","0026006",2,2
"2909","0026006",3,1
"2910","0026006",3,2
"2911","0026006",4,1
"2912","0026006",4,2
"2913","0026006",5,1
"2914","0026006",5,2
"2915","0026007",1,1
"2916","0026007",1,2
"2917","0026007",2,1
"2918","0026007",2,2
"2919","0026008",1,1
"2920","0026008",1,2
"2921","0026008",2,1
"2922","0026008",2,2
"2923","0026009",1,1
"2924","0026009",1,2
"2925","0026009",2,1
"2926","0026009",2,2
"2927","0026010",1,1
"2928","0026010",1,2
"2929","0026010",2,1
"2930","0026010",2,2
"2931","0026011",1,1
"2932","0026011",1,2
"2933","0026011",2,1
"2934","0026011",2,2
"2935","0026012",1,1
"2936","0026012",1,2
"2937","0026012",2,1
"2938","0026012",2,2
"2939","0026013",1,1
"2940","0026013",1,2
"2941","0026013",2,1
"2942","0026013",2,2
"2943","0026014",1,1
"2944","0026014",1,2
"2945","0026014",2,1
"2946","0026014",2,2
"2947","0026015",1,1
"2948","0026015",1,2
"2949","0026015",2,1
"2950","0026015",2,2
"2951","0026016",1,1
"2952","0026016",1,2
"2953","0026016",2,1
"2954","0026016",2,2
"2955","0026017",1,1
"2956","0026017",1,10
"2957","0026017",1,2
"2958","0026017",1,3
"2959","0026017",1,4
"2960","0026017",1,5
"2961","0026017",1,6
"2962","0026017",1,7
"2963","0026017",1,8
"2964","0026017",1,9
"2965","0026017",10,1
"2966","0026017",10,10
"2967","0026017",10,2
"2968","0026017",10,3
"2969","0026017",10,4
"2970","0026017",10,5
"2971","0026017",10,6
"2972","0026017",10,7
"2973","0026017",10,8
"2974","0026017",10,9
"2975","0026017",2,1
"2976","0026017",2,10
"2977","0026017",2,2
"2978","0026017",2,3
"2979","0026017",2,4
"2980","0026017",2,5
"2981","0026017",2,6
"2982","0026017",2,7
"2983","0026017",2,8
"2984","0026017",2,9
"2985","0026017",3,1
"2986","0026017",3,10
"2987","0026017",3,2
"2988","0026017",3,3
"2989","0026017",3,4
"2990","0026017",3,5
"2991","0026017",3,6
"2992","0026017",3,7
"2993","0026017",3,8
"2994","0026017",3,9
"2995","0026017",4,1
"2996","0026017",4,10
"2997","0026017",4,2
"2998","0026017",4,3
"2999","0026017",4,4
"3000","0026017",4,5
"3001","0026017",4,6
"3002","0026017",4,7
"3003","0026017",4,8
"3004","0026017",4,9
"3005","0026017",5,1
"3006","0026017",5,10
"3007","0026017",5,2
"3008","0026017",5,3
"3009","0026017",5,4
"3010","0026017",5,5
"3011","0026017",5,6
"3012","0026017",5,7
"3013","0026017",5,8
"3014","0026017",5,9
"3015","0026017",6,1
"3016","0026017",6,10
"3017","0026017",6,2
"3018","0026017",6,3
"3019","0026017",6,4
"3020","0026017",6,5
"3021","0026017",6,6
"3022","0026017",6,7
"3023","0026017",6,8
"3024","0026017",6,9
"3025","0026017",7,1
"3026","0026017",7,10
"3027","0026017",7,2
"3028","0026017",7,3
"3029","0026017",7,4
"3030","0026017",7,5
"3031","0026017",7,6
"3032","0026017",7,7
"3033","0026017",7,8
"3034","0026017",7,9
"3035","0026017",8,1
"3036","0026017",8,10
"3037","0026017",8,2
"3038","0026017",8,3
"3039","0026017",8,4
"3040","0026017",8,5
"3041","0026017",8,6
"3042","0026017",8,7
"3043","0026017",8,8
"3044","0026017",8,9
"3045","0026017",9,1
"3046","0026017",9,10
"3047","0026017",9,2
"3048","0026017",9,3
"3049","0026017",9,4
"3050","0026017",9,5
"3051","0026017",9,6
"3052","0026017",9,7
"3053","0026017",9,8
"3054","0026017",9,9
"3055","0026018",1,1
"3056","0026018",2,1
"3057","0026018",2,2
"3058","0026019",1,1
"3059","0026019",2,1
"3060","0026019",2,2
"3061","0026020",1,1
"3062","0026020",2,1
"3063","0026020",2,2
"3064","0026021",1,1
"3065","0026021",2,1
"3066","0026021",2,2
"3067","0026022",1,1
"3068","0026022",2,1
"3069","0026022",2,2
"3070","0026023",1,1
"3071","0026023",2,1
"3072","0026023",2,2
"3073","0026024",1,1
"3074","0026024",2,1
"3075","0026024",2,2
"3076","0026025",1,1
"3077","0026025",2,1
"3078","0026025",2,2
"3079","0026026",1,1
"3080","0026026",2,1
"3081","0026026",2,2
"3082","0026027",1,1
"3083","0026027",2,1
"3084","0026027",2,2
"3085","0026028",1,1
"3086","0026028",2,1
"3087","0026028",2,2
"3088","0026029",1,1
"3089","0026029",2,1
"3090","0026029",2,2
"3091","0026030",1,1
"3092","0026030",2,1
"3093","0026030",2,2
"3094","0026031",1,1
"3095","0026031",2,1
"3096","0026031",2,2
"3097","0026032",1,1
"3098","0026032",2,1
"3099","0026032",2,2
"3100","0026033",1,1
"3101","0026033",2,1
"3102","0026033",2,2
"3103","0026034",1,1
"3104","0026034",2,1
"3105","0026034",2,2
"3106","0026035",1,1
"3107","0026035",2,1
"3108","0026035",2,2
"3109","0026036",1,1
"3110","0026036",2,1
"3111","0026036",2,2
"3112","0026037",1,1
"3113","0026037",2,1
"3114","0026037",2,2
"3115","0026038",1,1
"3116","0026038",2,1
"3117","0026038",2,2
"3118","0026039",1,1
"3119","0026039",2,1
"3120","0026039",2,2
"3121","0026040",1,1
"3122","0026040",2,1
"3123","0026040",2,2
"3124","0026041",1,1
"3125","0026041",2,1
"3126","0026041",2,2
"3127","0026042",1,1
"3128","0026042",2,1
"3129","0026042",2,2
"3130","0026043",1,1
"3131","0026043",2,1
"3132","0026043",2,2
"3133","0026044",1,1
"3134","0026044",1,2
"3135","0026044",1,3
"3136","0026044",10,1
"3137","0026044",10,2
"3138","0026044",10,3
"3139","0026044",11,1
"3140","0026044",11,2
"3141","0026044",11,3
"3142","0026044",12,1
"3143","0026044",12,2
"3144","0026044",12,3
"3145","0026044",13,1
"3146","0026044",13,2
"3147","0026044",13,3
"3148","0026044",14,1
"3149","0026044",14,2
"3150","0026044",14,3
"3151","0026044",15,1
"3152","0026044",15,2
"3153","0026044",15,3
"3154","0026044",2,1
"3155","0026044",2,2
"3156","0026044",2,3
"3157","0026044",3,1
"3158","0026044",3,2
"3159","0026044",3,3
"3160","0026044",4,1
"3161","0026044",4,2
"3162","0026044",4,3
"3163","0026044",5,1
"3164","0026044",5,2
"3165","0026044",5,3
"3166","0026044",6,1
"3167","0026044",6,2
"3168","0026044",6,3
"3169","0026044",7,1
"3170","0026044",7,2
"3171","0026044",7,3
"3172","0026044",8,1
"3173","0026044",8,2
"3174","0026044",8,3
"3175","0026044",9,1
"3176","0026044",9,2
"3177","0026044",9,3
"3178","0026045",1,1
"3179","0026045",1,2
"3180","0026045",1,3
"3181","0026045",10,1
"3182","0026045",10,2
"3183","0026045",10,3
"3184","0026045",11,1
"3185","0026045",11,2
"3186","0026045",11,3
"3187","0026045",12,1
"3188","0026045",12,2
"3189","0026045",12,3
"3190","0026045",13,1
"3191","0026045",13,2
"3192","0026045",13,3
"3193","0026045",14,1
"3194","0026045",14,2
"3195","0026045",14,3
"3196","0026045",15,1
"3197","0026045",15,2
"3198","0026045",15,3
"3199","0026045",2,1
"3200","0026045",2,2
"3201","0026045",2,3
"3202","0026045",3,1
"3203","0026045",3,2
"3204","0026045",3,3
"3205","0026045",4,1
"3206","0026045",4,2
"3207","0026045",4,3
"3208","0026045",5,1
"3209","0026045",5,2
"3210","0026045",5,3
"3211","0026045",6,1
"3212","0026045",6,2
"3213","0026045",6,3
"3214","0026045",7,1
"3215","0026045",7,2
"3216","0026045",7,3
"3217","0026045",8,1
"3218","0026045",8,2
"3219","0026045",8,3
"3220","0026045",9,1
"3221","0026045",9,2
"3222","0026045",9,3
"3223","0026046",1,1
"3224","0026046",1,2
"3225","0026047",1,1
"3226","0026047",1,2
"3227","0026048",1,1
"3228","0026048",1,2
"3229","0026049",1,1
"3230","0026049",1,2
"3231","0026050",1,1
"3232","0026050",1,2
"3233","0026051",1,1
"3234","0026051",1,2
"3235","0026052",1,1
"3236","0026052",1,2
"3237","0026053",1,1
"3238","0026053",1,2
"3239","0026054",1,1
"3240","0026054",1,2
"3241","0026055",1,1
"3242","0026055",1,2
"3243","0026056",1,1
"3244","0026056",1,2
"3245","0026057",1,1
"3246","0026057",1,2
"3247","0026058",1,1
"3248","0026058",1,2
"3249","0026059",1,1
"3250","0026059",1,2
"3251","0026060",1,1
"3252","0026060",1,2
"3253","0026061",1,1
"3254","0026061",1,2
"3255","0026062",1,1
"3256","0026062",1,2
"3257","0026063",1,1
"3258","0026063",1,2
"3259","0026064",1,1
"3260","0026064",1,2
"3261","0026065",1,1
"3262","0026065",1,2
"3263","0026066",1,1
"3264","0026066",1,2
"3265","0026067",1,1
"3266","0026067",1,2
"3267","0026068",1,1
"3268","0026068",1,2
"3269","0026069",1,1
"3270","0026069",1,2
"3271","0026070",1,1
"3272","0026070",1,2
"3273","0026071",1,1
"3274","0026071",1,2
"3275","0026072",1,1
"3276","0026072",1,2
"3277","0026073",1,1
"3278","0026073",1,2
"3279","0026074",1,1
"3280","0026074",1,2
"3281","0026075",1,1
"3282","0026075",1,2
"3283","0026076",1,1
"3284","0026076",1,2
"3285","0026077",1,1
"3286","0026077",1,2
"3287","0026078",1,1
"3288","0026078",1,2
"3289","0026079",1,1
"3290","0026079",1,2
"3291","0026080",1,1
"3292","0026080",1,2
"3293","0026081",1,1
"3294","0026081",1,2
"3295","0026082",1,1
"3296","0026082",1,2
"3297","0026083",1,1
"3298","0026083",1,2
"3299","0026084",1,1
"3300","0026084",1,2
"3301","0026085",1,1
"3302","0026085",1,2
"3303","0026086",1,1
"3304","0026086",1,2
"3305","0026087",1,1
"3306","0026087",1,2
"3307","0026088",1,1
"3308","0026088",1,2
"3309","0026089",1,1
"3310","0026089",1,2
"3311","0026090",1,1
"3312","0026090",1,2
"3313","0026091",1,1
"3314","0026091",1,2
"3315","0026092",1,1
"3316","0026092",1,2
"3317","0026093",1,1
"3318","0026093",1,2
"3319","0026094",1,1
"3320","0026094",1,2
"3321","0026095",1,1
"3322","0026095",1,2
"3323","0026096",1,1
"3324","0026096",1,2
"3325","0026097",1,1
"3326","0026097",1,2
"3327","0026098",1,1
"3328","0026098",1,2
"3329","0026099",1,1
"3330","0026099",1,2
"3331","0026100",1,1
"3332","0026100",1,2
"3333","0026101",1,1
"3334","0026101",1,2
"3335","0026102",1,1
"3336","0026102",1,2
"3337","0026103",1,1
"3338","0026103",1,2
"3339","0026104",1,1
"3340","0026104",1,2
"3341","0026105",1,1
"3342","0026105",1,2
"3343","0026106",1,1
"3344","0026106",1,2
"3345","0026107",1,1
"3346","0026107",1,2
"3347","0026108",1,1
"3348","0026108",1,2
"3349","0026109",1,1
"3350","0026109",1,2
"3351","0026110",1,1
"3352","0026110",1,2
"3353","0026111",1,1
"3354","0026111",1,2
"3355","0026112",1,1
"3356","0026112",1,2
"3357","0026113",1,1
"3358","0026113",1,2
"3359","0026114",1,1
"3360","0026114",1,2
"3361","0026115",1,1
"3362","0026115",1,2
"3363","0026116",1,1
"3364","0026116",1,2
"3365","0026117",1,1
"3366","0026117",1,2
"3367","0026118",1,1
"3368","0026118",1,2
"3369","0026119",1,1
"3370","0026119",1,2
"3371","0026120",1,1
"3372","0026120",1,2
"3373","0026120",2,1
"3374","0026120",2,2
"3375","0026121",1,1
"3376","0026121",1,2
"3377","0026121",2,1
"3378","0026121",2,2
"3379","0026122",1,1
"3380","0026122",1,2
"3381","0026122",2,1
"3382","0026122",2,2
"3383","0026123",1,1
"3384","0026123",1,2
"3385","0026123",2,1
"3386","0026123",2,2
"3387","0026124",1,1
"3388","0026124",1,2
"3389","0026124",2,1
"3390","0026124",2,2
"3391","0026125",1,1
"3392","0026125",1,2
"3393","0026125",2,1
"3394","0026125",2,2
"3395","0026126",1,1
"3396","0026126",1,2
"3397","0026126",2,1
"3398","0026126",2,2
"3399","0026127",1,1
"3400","0026127",1,2
"3401","0026127",2,1
"3402","0026127",2,2
"3403","0026128",1,1
"3404","0026128",1,2
"3405","0026128",2,1
"3406","0026128",2,2
"3407","0026129",1,1
"3408","0026129",1,2
"3409","0026129",2,1
"3410","0026129",2,2
"3411","0026130",1,1
"3412","0026130",1,2
"3413","0026130",2,1
"3414","0026130",2,2
"3415","0026131",1,1
"3416","0026131",1,2
"3417","0026131",2,1
"3418","0026131",2,2
"3419","0026132",1,1
"3420","0026132",1,2
"3421","0026132",2,1
"3422","0026132",2,2
"3423","0026133",1,1
"3424","0026133",1,2
"3425","0026133",2,1
"3426","0026133",2,2
"3427","0026134",1,1
"3428","0026134",1,2
"3429","0026134",2,1
"3430","0026134",2,2
"3431","0026135",1,1
"3432","0026135",1,2
"3433","0026135",2,1
"3434","0026135",2,2
"3435","0026136",1,1
"3436","0026136",1,2
"3437","0026136",2,1
"3438","0026136",2,2
"3439","0026137",1,1
"3440","0026137",1,2
"3441","0026137",2,1
"3442","0026137",2,2
"3443","0026138",1,1
"3444","0026138",1,2
"3445","0026138",2,1
"3446","0026138",2,2
"3447","0026139",1,1
"3448","0026139",1,2
"3449","0026139",2,1
"3450","0026139",2,2
"3451","0026140",1,1
"3452","0026140",1,2
"3453","0026140",2,1
"3454","0026140",2,2
"3455","0026141",1,1
"3456","0026141",1,2
"3457","0026141",2,1
"3458","0026141",2,2
"3459","0026142",1,1
"3460","0026142",1,2
"3461","0026142",2,1
"3462","0026142",2,2
"3463","0026143",1,1
"3464","0026143",1,2
"3465","0026143",2,1
"3466","0026143",2,2
"3467","0026144",1,1
"3468","0026144",1,2
"3469","0026144",2,1
"3470","0026144",2,2
"3471","0026145",1,1
"3472","0026145",1,2
"3473","0026145",2,1
"3474","0026145",2,2
"3475","0026146",1,1
"3476","0026146",1,2
"3477","0026146",2,1
"3478","0026146",2,2
"3479","0026147",1,1
"3480","0026147",1,2
"3481","0026147",2,1
"3482","0026147",2,2
"3483","0026148",1,1
"3484","0026148",1,2
"3485","0026148",2,1
"3486","0026148",2,2
"3487","0026149",1,1
"3488","0026149",1,2
"3489","0026149",2,1
"3490","0026149",2,2
"3491","0026150",1,1
"3492","0026150",1,2
"3493","0026150",2,1
"3494","0026150",2,2
"3495","0026151",1,1
"3496","0026151",1,2
"3497","0026151",2,1
"3498","0026151",2,2
"3499","0026152",1,1
"3500","0026152",1,2
"3501","0026152",2,1
"3502","0026152",2,2
"3503","0026153",1,1
"3504","0026153",1,2
"3505","0026153",2,1
"3506","0026153",2,2
"3507","0026154",1,1
"3508","0026154",1,2
"3509","0026154",2,1
"3510","0026154",2,2
"3511","0026155",1,1
"3512","0026155",1,2
"3513","0026155",2,1
"3514","0026155",2,2
"3515","0026156",1,1
"3516","0026156",1,2
"3517","0026156",2,1
"3518","0026156",2,2
"3519","0026157",1,1
"3520","0026157",1,2
"3521","0026157",2,1
"3522","0026157",2,2
"3523","0026158",1,1
"3524","0026158",1,2
"3525","0026158",2,1
"3526","0026158",2,2
"3527","0026159",1,1
"3528","0026159",1,2
"3529","0026159",2,1
"3530","0026159",2,2
"3531","0026160",1,1
"3532","0026160",1,2
"3533","0026160",2,1
"3534","0026160",2,2
"3535","0026161",1,1
"3536","0026161",1,2
"3537","0026161",2,1
"3538","0026161",2,2
"3539","0026162",1,1
"3540","0026162",1,2
"3541","0026162",2,1
"3542","0026162",2,2
"3543","0026163",1,1
"3544","0026163",1,2
"3545","0026163",2,1
"3546","0026163",2,2
"3547","0026164",1,1
"3548","0026164",1,2
"3549","0026164",2,1
"3550","0026164",2,2
"3551","0026165",1,1
"3552","0026165",1,2
"3553","0026165",2,1
"3554","0026165",2,2
"3555","0026166",1,1
"3556","0026166",1,2
"3557","0026166",2,1
"3558","0026166",2,2
"3559","0026167",1,1
"3560","0026167",1,2
"3561","0026167",2,1
"3562","0026167",2,2
"3563","0026168",1,1
"3564","0026168",1,2
"3565","0026168",2,1
"3566","0026168",2,2
"3567","0026169",1,1
"3568","0026169",1,2
"3569","0026169",2,1
"3570","0026169",2,2
"3571","0026170",1,1
"3572","0026170",1,2
"3573","0026170",2,1
"3574","0026170",2,2
"3575","0026171",1,1
"3576","0026171",1,2
"3577","0026171",2,1
"3578","0026171",2,2
"3579","0026172",1,1
"3580","0026172",1,2
"3581","0026172",2,1
"3582","0026172",2,2
"3583","0026173",1,1
"3584","0026173",1,2
"3585","0026173",2,1
"3586","0026173",2,2
"3587","0026174",1,1
"3588","0026174",1,2
"3589","0026174",2,1
"3590","0026174",2,2
"3591","0026175",1,1
"3592","0026175",1,2
"3593","0026175",2,1
"3594","0026175",2,2
"3595","0026176",1,1
"3596","0026176",1,2
"3597","0026176",2,1
"3598","0026176",2,2
"3599","0026177",1,1
"3600","0026177",1,2
"3601","0026177",2,1
"3602","0026177",2,2
"3603","0026178",1,1
"3604","0026178",1,2
"3605","0026178",2,1
"3606","0026178",2,2
"3607","0026179",1,1
"3608","0026179",1,2
"3609","0026179",2,1
"3610","0026179",2,2
"3611","0026180",1,1
"3612","0026180",1,2
"3613","0026180",2,1
"3614","0026180",2,2
"3615","0026181",1,1
"3616","0026181",1,2
"3617","0026181",2,1
"3618","0026181",2,2
"3619","0026182",1,1
"3620","0026182",1,2
"3621","0026182",2,1
"3622","0026182",2,2
"3623","0026183",1,1
"3624","0026183",1,2
"3625","0026183",2,1
"3626","0026183",2,2
"3627","0026184",1,1
"3628","0026184",1,2
"3629","0026184",2,1
"3630","0026184",2,2
"3631","0026185",1,1
"3632","0026185",1,2
"3633","0026185",2,1
"3634","0026185",2,2
"3635","0026186",1,1
"3636","0026186",1,2
"3637","0026186",2,1
"3638","0026186",2,2
"3639","0026187",1,1
"3640","0026187",1,2
"3641","0026187",2,1
"3642","0026187",2,2
"3643","0026188",1,1
"3644","0026188",1,2
"3645","0026188",2,1
"3646","0026188",2,2
"3647","0026189",1,1
"3648","0026189",1,2
"3649","0026189",2,1
"3650","0026189",2,2
"3651","0026190",1,1
"3652","0026190",1,2
"3653","0026191",1,1
"3654","0026191",1,2
"3655","0026192",1,1
"3656","0026192",1,2
"3657","0026193",1,1
"3658","0026193",1,2
"3659","0026194",1,1
"3660","0026194",1,2
"3661","0026195",1,1
"3662","0026195",1,2
"3663","0026196",1,1
"3664","0026196",1,2
"3665","0026197",1,1
"3666","0026197",1,2
"3667","0026198",1,1
"3668","0026198",1,2
"3669","0026199",1,1
"3670","0026199",1,2
"3671","0026200",1,1
"3672","0026200",1,2
"3673","0026201",1,1
"3674","0026201",1,2
"3675","0026202",1,1
"3676","0026202",1,2
"3677","0026203",1,1
"3678","0026203",1,2
"3679","0026204",1,1
"3680","0026204",1,2
"3681","0026205",1,1
"3682","0026205",1,2
"3683","0026206",1,1
"3684","0026206",1,2
"3685","0026207",1,1
"3686","0026207",1,2
"3687","0026208",1,1
"3688","0026208",1,2
"3689","0026209",1,1
"3690","0026209",1,2
"3691","0027010",1,1
"3692","0027010",2,1
"3693","0027011",1,1
"3694","0027011",2,1
"3695","0027012",1,1
"3696","0027012",2,1
"3697","0027013",1,1
"3698","0027013",2,1
"3699","0027014",2,1
"3700","0027015",1,1
"3701","0027015",2,1
"3702","0027016",1,1
"3703","0027016",2,1
"3704","0027017",1,1
"3705","0027017",2,1
"3706","0027018",1,1
"3707","0027018",2,1
"3708","0027019",1,1
"3709","0027019",2,1
"3710","0027020",1,1
"3711","0027020",2,1
"3712","0027021",1,1
"3713","0027021",2,1
"3714","0027022",1,1
"3715","0027022",2,1
"3716","0027023",1,1
"3717","0027024",2,1
"3718","0027025",1,1
"3719","0027025",2,1
"3720","0027026",2,1
"3721","0027027",2,1
"3722","0027028",1,1
"3723","0027028",2,1
"3724","0027029",1,1
"3725","0027029",2,1
"3726","0027030",1,1
"3727","0027030",2,1
"3728","0027031",1,1
"3729","0027032",2,1
"3730","0027033",1,1
"3731","0027033",2,1
"3732","0027035",1,1
"3733","0027035",2,1
"3734","0027036",1,1
"3735","0027036",2,1
"3736","0027037",1,1
"3737","0027038",1,1
"3738","0027038",2,1
"3739","0027039",2,1
"3740","0027040",1,1
"3741","0027040",2,1
"3742","0027041",1,1
"3743","0027041",2,1
"3744","0027042",1,1
"3745","0027042",2,1
"3746","0027043",1,1
"3747","0027044",1,1
"3748","0027044",2,1
"3749","0027045",1,1
"3750","0027045",2,1
"3751","0027046",1,1
"3752","0027046",2,1
"3753","0027047",1,1
"3754","0027047",2,1
"3755","0027048",1,1
"3756","0027048",2,1
"3757","0027049",1,1
"3758","0027050",1,1
"3759","0027051",1,1
"3760","0027051",2,1
"3761","0027052",1,1
"3762","0027052",2,1
"3763","0027053",1,1
"3764","0027053",2,1
"3765","0027054",2,1
"3766","0027055",1,1
"3767","0027055",1,2
"3768","0027055",1,3
"3769","0027055",2,1
"3770","0027056",1,1
"3771","0027056",1,2
"3772","0027056",1,3
"3773","0027056",2,1
"3774","0027057",1,1
"3775","0027057",1,2
"3776","0027057",1,3
"3777","0027057",2,1
"3778","0027058",1,1
"3779","0027058",1,2
"3780","0027058",1,3
"3781","0027058",2,1
"3782","0027059",1,1
"3783","0027059",1,2
"3784","0027059",1,3
"3785","0027060",1,1
"3786","0027060",1,2
"3787","0027060",1,3
"3788","0027060",2,1
"3789","0027061",1,1
"3790","0027061",1,2
"3791","0027061",1,3
"3792","0027061",2,1
"3793","0027062",1,1
"3794","0027062",1,2
"3795","0027062",1,3
"3796","0027062",2,1
"3797","0027063",1,1
"3798","0027063",1,2
"3799","0027063",1,3
"3800","0027063",2,1
"3801","0027064",1,1
"3802","0027064",1,2
"3803","0027064",1,3
"3804","0027064",2,1
"3805","0027065",1,1
"3806","0027065",1,2
"3807","0027065",1,3
"3808","0027066",1,1
"3809","0027066",1,2
"3810","0027066",1,3
"3811","0027067",1,1
"3812","0027067",1,2
"3813","0027067",1,3
"3814","0027068",1,1
"3815","0027068",1,2
"3816","0027068",1,3
"3817","0027069",1,1
"3818","0027069",1,2
"3819","0027069",1,3
"3820","0027070",1,1
"3821","0027070",1,2
"3822","0027070",1,3
"3823","0027071",1,1
"3824","0027071",1,2
"3825","0027071",1,3
"3826","0027072",1,1
"3827","0027072",1,2
"3828","0027072",1,3
"3829","0027073",1,1
"3830","0027073",1,2
"3831","0027073",1,3
"3832","0027074",1,1
"3833","0027074",1,2
"3834","0027074",1,3
"3835","0027075",1,1
"3836","0027075",1,2
"3837","0027075",1,3
"3838","0027076",1,1
"3839","0027076",1,2
"3840","0027076",1,3
"3841","0027077",1,1
"3842","0027077",1,2
"3843","0027077",1,3
"3844","0027078",1,1
"3845","0027078",1,2
"3846","0027078",1,3
"3847","0027079",1,1
"3848","0027079",1,2
"3849","0027079",1,3
"3850","0027080",1,1
"3851","0027080",1,2
"3852","0027080",1,3
"3853","0027081",1,1
"3854","0027081",1,2
"3855","0027081",1,3
"3856","0027082",1,1
"3857","0027082",1,2
"3858","0027082",1,3
"3859","0027083",1,1
"3860","0027083",1,2
"3861","0027083",1,3
"3862","0027084",1,1
"3863","0027084",1,2
"3864","0027084",1,3
"3865","0027085",1,1
"3866","0027085",1,2
"3867","0027085",1,3
"3868","0027086",1,1
"3869","0027086",1,2
"3870","0027086",1,3
"3871","0027087",1,1
"3872","0027087",1,2
"3873","0027087",1,3
"3874","0027088",1,1
"3875","0027088",1,2
"3876","0027088",1,3
"3877","0027089",1,1
"3878","0027089",1,2
"3879","0027089",1,3
"3880","0027090",1,1
"3881","0027090",1,2
"3882","0027090",1,3
"3883","0027091",1,1
"3884","0027091",1,2
"3885","0027091",1,3
"3886","0027092",1,1
"3887","0027092",1,2
"3888","0027092",1,3
"3889","0027093",1,1
"3890","0027093",1,2
"3891","0027093",1,3
"3892","0027094",1,1
"3893","0027094",1,2
"3894","0027094",1,3
"3895","0027095",1,1
"3896","0027095",1,2
"3897","0027095",1,3
"3898","0027096",1,1
"3899","0027096",1,2
"3900","0027096",1,3
"3901","0027097",1,1
"3902","0027097",1,2
"3903","0027097",1,3
"3904","0027098",1,1
"3905","0027098",1,2
"3906","0027098",1,3
"3907","0027099",1,1
"3908","0027099",1,2
"3909","0027099",1,3
"3910","0027100",1,1
"3911","0027100",1,2
"3912","0027100",1,3
"3913","0027101",1,1
"3914","0027101",1,2
"3915","0027101",1,3
"3916","0027102",1,1
"3917","0027102",1,2
"3918","0027102",1,3
"3919","0027103",1,1
"3920","0027103",2,1
"3921","0027103",3,1
"3922","0027104",1,1
"3923","0027104",2,1
"3924","0027104",3,1
"3925","0027105",1,1
"3926","0027105",2,1
"3927","0027105",3,1
"3928","0027106",1,1
"3929","0027106",2,1
"3930","0027106",3,1
"3931","0027107",1,1
"3932","0027107",2,1
"3933","0027107",3,1
"3934","0027108",1,1
"3935","0027108",2,1
"3936","0027108",3,1
"3937","0027109",1,1
"3938","0027109",2,1
"3939","0027109",3,1
"3940","0027110",1,1
"3941","0027110",2,1
"3942","0027110",3,1
"3943","0027111",1,1
"3944","0027111",2,1
"3945","0027111",3,1
"3946","0027112",1,1
"3947","0027112",2,1
"3948","0027112",3,1
"3949","0027113",1,1
"3950","0027113",2,1
"3951","0027113",3,1
"3952","0027114",1,1
"3953","0027114",2,1
"3954","0027114",3,1
"3955","0027115",1,1
"3956","0027115",2,1
"3957","0027115",3,1
"3958","0027116",1,1
"3959","0027116",2,1
"3960","0027116",3,1
"3961","0027117",1,1
"3962","0027117",2,1
"3963","0027117",3,1
"3964","0027118",1,1
"3965","0027118",2,1
"3966","0027118",3,1
"3967","0027119",1,1
"3968","0027119",2,1
"3969","0027119",3,1
"3970","0027120",1,1
"3971","0027120",2,1
"3972","0027120",3,1
"3973","0027121",1,1
"3974","0027121",2,1
"3975","0027121",3,1
"3976","0027122",1,1
"3977","0027122",2,1
"3978","0027122",3,1
"3979","0027123",1,1
"3980","0027123",2,1
"3981","0027123",3,1
"3982","0027124",1,1
"3983","0027124",2,1
"3984","0027124",3,1
"3985","0027125",1,1
"3986","0027125",2,1
"3987","0027125",3,1
"3988","0027126",1,1
"3989","0027126",2,1
"3990","0027126",3,1
"3991","0027127",1,1
"3992","0027127",2,1
"3993","0027127",3,1
"3994","0027152",1,1
"3995","0027152",1,2
"3996","0027152",2,1
"3997","0027152",2,2
"3998","0027152",3,1
"3999","0027152",3,2
"4000","0027153",1,1
"4001","0027153",1,2
"4002","0027153",2,1
"4003","0027153",2,2
"4004","0027153",3,1
"4005","0027153",3,2
"4006","0027154",1,1
"4007","0027154",1,2
"4008","0027154",2,1
"4009","0027154",2,2
"4010","0027154",3,1
"4011","0027154",3,2
"4012","0027155",1,1
"4013","0027155",1,2
"4014","0027155",2,1
"4015","0027155",2,2
"4016","0027155",3,1
"4017","0027155",3,2
"4018","0027156",1,1
"4019","0027156",1,2
"4020","0027156",2,1
"4021","0027156",2,2
"4022","0027156",3,1
"4023","0027156",3,2
"4024","0027157",1,1
"4025","0027157",1,2
"4026","0027157",2,1
"4027","0027157",2,2
"4028","0027157",3,1
"4029","0027157",3,2
"4030","0027158",1,1
"4031","0027158",1,2
"4032","0027158",2,1
"4033","0027158",2,2
"4034","0027158",3,1
"4035","0027158",3,2
"4036","0027159",1,1
"4037","0027159",1,2
"4038","0027159",2,1
"4039","0027159",2,2
"4040","0027159",3,1
"4041","0027159",3,2
"4042","0027160",1,1
"4043","0027160",1,2
"4044","0027160",2,1
"4045","0027160",2,2
"4046","0027160",3,1
"4047","0027160",3,2
"4048","0027161",1,1
"4049","0027161",1,2
"4050","0027161",2,1
"4051","0027161",2,2
"4052","0027161",3,1
"4053","0027161",3,2
"4054","0027162",1,1
"4055","0027162",1,2
"4056","0027162",2,1
"4057","0027162",2,2
"4058","0027162",3,1
"4059","0027162",3,2
"4060","0027163",1,1
"4061","0027163",1,2
"4062","0027163",2,1
"4063","0027163",2,2
"4064","0027163",3,1
"4065","0027163",3,2
"4066","0027164",1,1
"4067","0027164",1,2
"4068","0027164",2,1
"4069","0027164",2,2
"4070","0027164",3,1
"4071","0027164",3,2
"4072","0027165",1,1
"4073","0027165",1,2
"4074","0027165",2,1
"4075","0027165",2,2
"4076","0027165",3,1
"4077","0027165",3,2
"4078","0027166",1,1
"4079","0027166",2,1
"4080","0027167",1,1
"4081","0027167",2,1
"4082","0027168",1,1
"4083","0027168",2,1
"4084","0027169",1,1
"4085","0027169",2,1
"4086","0027170",1,1
"4087","0027170",2,1
"4088","0027171",1,1
"4089","0027171",2,1
"4090","0027172",1,1
"4091","0027172",2,1
"4092","0027173",1,1
"4093","0027173",2,1
"4094","0027174",1,1
"4095","0027174",2,1
"4096","0027175",1,1
"4097","0027175",2,1
"4098","0027176",1,1
"4099","0027176",2,1
"4100","0027177",1,1
"4101","0027177",2,1
"4102","0027178",1,1
"4103","0027178",2,1
"4104","0027179",1,1
"4105","0027179",2,1
"4106","0027180",1,1
"4107","0027180",2,1
"4108","0027181",1,1
"4109","0027181",2,1
"4110","0027182",1,1
"4111","0027182",2,1
"4112","0027183",1,1
"4113","0027183",2,1
"4114","0027184",1,1
"4115","0027184",2,1
"4116","0027185",1,1
"4117","0027185",2,1
"4118","0027186",1,1
"4119","0027186",2,1
"4120","0027187",1,1
"4121","0027187",2,1
"4122","0027188",1,1
"4123","0027188",2,1
"4124","0027189",1,1
"4125","0027189",2,1
"4126","0027190",1,1
"4127","0027190",2,1
"4128","0027191",1,1
"4129","0027191",2,1
"4130","0027192",1,1
"4131","0027192",2,1
"4132","0027193",1,1
"4133","0027193",2,1
"4134","0027194",1,1
"4135","0027194",2,1
"4136","0027195",1,1
"4137","0027195",2,1
"4138","0027196",1,1
"4139","0027196",2,1
"4140","0027197",1,1
"4141","0027197",2,1
"4142","0027198",1,1
"4143","0027198",2,1
"4144","0027199",1,1
"4145","0027199",2,1
"4146","0027200",1,1
"4147","0027200",2,1
"4148","0027201",1,1
"4149","0027201",2,1
"4150","0027202",1,1
"4151","0027202",2,1
"4152","0027203",1,1
"4153","0027203",1,2
"4154","0027203",2,1
"4155","0027203",2,2
"4156","0027203",3,1
"4157","0027203",3,2
"4158","0027204",1,1
"4159","0027204",1,2
"4160","0027204",2,1
"4161","0027204",2,2
"4162","0027204",3,1
"4163","0027204",3,2
"4164","0027205",1,1
"4165","0027205",1,2
"4166","0027205",2,1
"4167","0027205",2,2
"4168","0027205",3,1
"4169","0027205",3,2
"4170","0027206",1,1
"4171","0027206",1,2
"4172","0027206",2,1
"4173","0027206",2,2
"4174","0027206",3,1
"4175","0027206",3,2
"4176","0027207",1,1
"4177","0027207",1,2
"4178","0027207",2,1
"4179","0027207",2,2
"4180","0027207",3,1
"4181","0027207",3,2
"4182","0027208",1,1
"4183","0027208",1,2
"4184","0027208",2,1
"4185","0027208",2,2
"4186","0027208",3,1
"4187","0027208",3,2
"4188","0027209",1,1
"4189","0027209",1,2
"4190","0027209",2,2
"4191","0027209",3,1
"4192","0027209",3,2
"4193","0027210",1,1
"4194","0027210",1,2
"4195","0027210",2,1
"4196","0027210",2,2
"4197","0027210",3,1
"4198","0027210",3,2
"4199","0027211",1,1
"4200","0027211",1,2
"4201","0027211",2,1
"4202","0027211",2,2
"4203","0027211",3,1
"4204","0027211",3,2
"4205","0027212",1,1
"4206","0027212",1,2
"4207","0027212",2,1
"4208","0027212",2,2
"4209","0027212",3,1
"4210","0027212",3,2
"4211","0027213",1,1
"4212","0027213",1,2
"4213","0027213",2,1
"4214","0027213",2,2
"4215","0027213",3,1
"4216","0027213",3,2
"4217","0027214",1,1
"4218","0027214",1,2
"4219","0027214",2,1
"4220","0027214",2,2
"4221","0027214",3,1
"4222","0027214",3,2
"4223","0027215",1,1
"4224","0027215",1,2
"4225","0027215",2,1
"4226","0027215",2,2
"4227","0027215",3,1
"4228","0027215",3,2
"4229","0027216",1,1
"4230","0027216",1,2
"4231","0027216",2,1
"4232","0027216",2,2
"4233","0027216",3,1
"4234","0027216",3,2
"4235","0027217",1,1
"4236","0027217",1,2
"4237","0027217",2,1
"4238","0027217",2,2
"4239","0027217",3,1
"4240","0027217",3,2
"4241","0027218",1,1
"4242","0027218",1,2
"4243","0027218",2,1
"4244","0027218",2,2
"4245","0027218",3,1
"4246","0027218",3,2
"4247","0027219",1,1
"4248","0027219",1,2
"4249","0027219",2,1
"4250","0027219",2,2
"4251","0027219",3,1
"4252","0027219",3,2
"4253","0027220",1,1
"4254","0027220",1,2
"4255","0027220",2,1
"4256","0027220",2,2
"4257","0027220",3,1
"4258","0027220",3,2
"4259","0027221",1,1
"4260","0027221",1,2
"4261","0027221",2,1
"4262","0027221",2,2
"4263","0027221",3,1
"4264","0027221",3,2
"4265","0027222",1,1
"4266","0027222",1,2
"4267","0027222",2,1
"4268","0027222",2,2
"4269","0027222",3,1
"4270","0027222",3,2
"4271","0027223",1,1
"4272","0027223",1,2
"4273","0027223",2,1
"4274","0027223",2,2
"4275","0027224",1,1
"4276","0027224",1,2
"4277","0027225",1,1
"4278","0027225",1,2
"4279","0027226",1,1
"4280","0027226",1,2
"4281","0027227",1,1
"4282","0027227",1,2
"4283","0027227",2,1
"4284","0027227",2,2
"4285","0027228",1,1
"4286","0027228",1,2
"4287","0027229",1,1
"4288","0027229",1,2
"4289","0027230",1,1
"4290","0027230",1,2
"4291","0027230",2,1
"4292","0027230",2,2
"4293","0027231",1,1
"4294","0027231",1,2
"4295","0027232",1,1
"4296","0027232",1,2
"4297","0027233",1,1
"4298","0027233",1,2
"4299","0027234",1,1
"4300","0027234",1,2
"4301","0027235",1,1
"4302","0027235",1,2
"4303","0027235",2,1
"4304","0027235",2,2
"4305","0027236",1,1
"4306","0027236",1,2
"4307","0027236",2,1
"4308","0027236",2,2
"4309","0027237",1,1
"4310","0027237",1,2
"4311","0027238",1,1
"4312","0027238",1,2
"4313","0027239",1,1
"4314","0027239",1,2
"4315","0027240",1,1
"4316","0027240",1,2
"4317","0027240",2,1
"4318","0027240",2,2
"4319","0027241",1,1
"4320","0027241",1,2
"4321","0027241",2,1
"4322","0027241",2,2
"4323","0027242",1,1
"4324","0027242",1,2
"4325","0027243",1,1
"4326","0027243",1,2
"4327","0027243",2,1
"4328","0027243",2,2
"4329","0027244",1,1
"4330","0027244",1,2
"4331","0027245",1,1
"4332","0027245",1,2
"4333","0027246",1,1
"4334","0027246",1,2
"4335","0027246",2,1
"4336","0027246",2,2
"4337","0027247",1,1
"4338","0027247",1,2
"4339","0027248",1,1
"4340","0027248",1,2
"4341","0027249",1,1
"4342","0027249",1,2
"4343","0027249",2,1
"4344","0027249",2,2
"4345","0027250",1,1
"4346","0027250",1,2
"4347","0027250",2,1
"4348","0027250",2,2
"4349","0027251",1,1
"4350","0027251",1,2
"4351","0027252",1,1
"4352","0027252",1,2
"4353","0027253",1,1
"4354","0027253",1,2
"4355","0027254",1,1
"4356","0027254",1,2
"4357","0027254",2,1
"4358","0027254",2,2
"4359","0027255",1,1
"4360","0027255",1,2
"4361","0027256",1,1
"4362","0027256",1,2
"4363","0027256",2,1
"4364","0027256",2,2
"4365","0027257",1,1
"4366","0027257",1,2
"4367","0027257",2,1
"4368","0027257",2,2
"4369","0027258",1,1
"4370","0027258",1,2
"4371","0027259",1,1
"4372","0027259",1,2
"4373","0027259",2,1
"4374","0027260",1,1
"4375","0027260",1,2
"4376","0027260",2,1
"4377","0027261",1,1
"4378","0027261",1,2
"4379","0027261",2,1
"4380","0027262",1,1
"4381","0027262",1,2
"4382","0027262",2,1
"4383","0027263",1,1
"4384","0027263",1,2
"4385","0027263",2,1
"4386","0027264",1,1
"4387","0027264",1,2
"4388","0027264",2,1
"4389","0027265",1,1
"4390","0027265",1,2
"4391","0027265",2,1
"4392","0027266",1,1
"4393","0027266",1,2
"4394","0027266",2,1
"4395","0027267",1,1
"4396","0027267",1,2
"4397","0027267",2,1
"4398","0027268",1,1
"4399","0027268",1,2
"4400","0027268",2,1
"4401","0027269",1,1
"4402","0027269",1,2
"4403","0027269",2,1
"4404","0027270",1,1
"4405","0027270",1,2
"4406","0027270",2,1
"4407","0027271",1,1
"4408","0027271",1,2
"4409","0027271",2,1
"4410","0027272",1,1
"4411","0027272",1,2
"4412","0027272",2,1
"4413","0027273",1,1
"4414","0027273",1,2
"4415","0027273",2,1
"4416","0027274",1,1
"4417","0027274",1,2
"4418","0027274",2,1
"4419","0027275",1,1
"4420","0027275",1,2
"4421","0027275",2,1
"4422","0027276",1,1
"4423","0027276",1,2
"4424","0027276",2,1
"4425","0027277",1,1
"4426","0027277",1,2
"4427","0027277",2,1
"4428","0027278",1,1
"4429","0027278",1,2
"4430","0027278",2,1
"4431","0027279",1,1
"4432","0027279",1,2
"4433","0027279",2,1
"4434","0027280",1,1
"4435","0027280",1,2
"4436","0027280",2,1
"4437","0027281",1,1
"4438","0027281",1,2
"4439","0027281",2,1
"4440","0027282",1,1
"4441","0027282",1,2
"4442","0027282",2,1
"4443","0027283",1,1
"4444","0027283",1,2
"4445","0027284",1,1
"4446","0027284",1,2
"4447","0027284",2,1
"4448","0027285",1,1
"4449","0027285",1,2
"4450","0027285",2,1
"4451","0027286",1,1
"4452","0027286",1,2
"4453","0027286",2,1
"4454","0027287",1,1
"4455","0027287",1,2
"4456","0027287",2,1
"4457","0027288",1,1
"4458","0027288",1,2
"4459","0027288",2,1
"4460","0027289",1,1
"4461","0027289",1,2
"4462","0027289",2,1
"4463","0027290",1,1
"4464","0027290",1,2
"4465","0027290",2,1
"4466","0027291",1,1
"4467","0027291",1,2
"4468","0027291",2,1
"4469","0027292",1,1
"4470","0027292",1,2
"4471","0027292",2,1
"4472","0027293",1,1
"4473","0027293",1,2
"4474","0027293",2,1
"4475","0027294",1,1
"4476","0027294",1,2
"4477","0027294",2,1
"4478","0027295",1,1
"4479","0027295",1,2
"4480","0027295",2,1
"4481","0027296",1,1
"4482","0027296",1,2
"4483","0027296",2,1
"4484","0027297",1,1
"4485","0027297",1,2
"4486","0027297",2,1
"4487","0027298",1,1
"4488","0027298",1,2
"4489","0027298",2,1
"4490","0027299",1,1
"4491","0027299",1,2
"4492","0027299",2,1
"4493","0027300",1,1
"4494","0027300",1,2
"4495","0027300",2,1
"4496","0027301",1,1
"4497","0027301",1,2
"4498","0027301",2,1
"4499","0027302",1,1
"4500","0027302",1,2
"4501","0027302",2,1
"4502","0027303",1,1
"4503","0027303",1,2
"4504","0027303",2,1
"4505","0027304",1,1
"4506","0027304",1,2
"4507","0027304",2,1
"4508","0027305",1,1
"4509","0027305",1,2
"4510","0027305",2,1
"4512","1427581",1,1400
"4513","1427581",1,2500
"4514","1427581",1,645
"4515","1427581",2,1400
"4516","1427581",2,2500
"4517","1427581",2,645
"4519","1793622",1,1400
"4520","1793622",1,2500
"4521","1793622",1,645
"4522","1793622",2,1400
"4523","1793622",2,2500
"4524","1793622",2,645
"4526","1961098",1,1400
"4527","1961098",1,2500
"4528","1961098",1,645
"4529","1961098",2,1400
"4530","1961098",2,2500
"4531","1961098",2,645
"4533","2475376",1,1400
"4534","2475376",1,2500
"4535","2475376",1,645
"4536","2475376",2,1400
"4537","2475376",2,2500
"4538","2475376",2,645
"4540","2799329",1,1400
"4541","2799329",1,2500
"4542","2799329",1,645
"4543","2799329",2,1400
"4544","2799329",2,2500
"4545","2799329",2,645
"4547","2842950",1,1400
"4548","2842950",1,2500
"4549","2842950",1,645
"4550","2842950",2,1400
"4551","2842950",2,2500
"4552","2842950",2,645
"4554","3201815",1,1400
"4555","3201815",1,2500
"4556","3201815",1,645
"4557","3201815",2,1400
"4558","3201815",2,2500
"4559","3201815",2,645
"4561","3313349",1,1400
"4562","3313349",1,2500
"4563","3313349",1,645
"4564","3313349",2,1400
"4565","3313349",2,2500
"4566","3313349",2,645
"4568","3315657",1,1400
"4569","3315657",1,2500
"4570","3315657",1,645
"4571","3315657",2,1400
"4572","3315657",2,2500
"4573","3315657",2,645
"4575","3795193",1,1400
"4576","3795193",1,2500
"4577","3795193",1,645
"4578","3795193",2,1400
"4579","3795193",2,2500
"4580","3795193",2,645
"4582","3808535",1,1400
"4583","3808535",1,2500
"4584","3808535",1,645
"4585","3808535",2,1400
"4586","3808535",2,2500
"4587","3808535",2,645
"4589","3893245",1,1400
"4590","3893245",1,2500
"4591","3893245",1,645
"4592","3893245",2,1400
"4593","3893245",2,2500
"4594","3893245",2,645
"4596","4176156",1,1400
"4597","4176156",1,2500
"4598","4176156",1,645
"4599","4176156",2,1400
"4600","4176156",2,2500
"4601","4176156",2,645
"4603","4288245",1,1400
"4604","4288245",1,2500
"4605","4288245",1,645
"4606","4288245",2,1400
"4607","4288245",2,2500
"4608","4288245",2,645
"4610","6471972",1,1400
"4611","6471972",1,2500
"4612","6471972",1,645
"4614","7055197",1,1400
"4615","7055197",1,2500
"4616","7055197",1,645
"4617","7055197",2,1400
"4618","7055197",2,2500
"4619","7055197",2,645
"4621","8574662",1,1400
"4622","8574662",1,2500
"4623","8574662",1,645
"4624","8574662",2,1400
"4625","8574662",2,2500
"4626","8574662",2,645
"4628","8735778",1,1400
"4629","8735778",1,2500
"4630","8735778",1,645
"4631","8735778",2,1400
"4632","8735778",2,2500
"4633","8735778",2,645
"4635","9630905",1,1400
"4636","9630905",1,2500
"4637","9630905",1,645
"4638","9630905",2,1400
"4639","9630905",2,2500
"4640","9630905",2,645
