"","subject","site","site.name"
"1","0003001",4,"BMB"
"2","0003002",4,"BMB"
"3","0003004",4,"BMB"
"4","0003006",4,"BMB"
"5","0003007",4,"BMB"
"6","0003008",4,"BMB"
"7","0003009",4,"BMB"
"8","0003010",4,"BMB"
"9","0003011",4,"BMB"
"10","0003012",4,"BMB"
"11","0003013",4,"BMB"
"12","0003014",4,"BMB"
"13","0003015",4,"BMB"
"14","0003016",4,"BMB"
"15","0003017",4,"BMB"
"16","0003018",4,"BMB"
"17","0003020",4,"BMB"
"18","0003021",4,"BMB"
"19","0003022",4,"BMB"
"20","0003023",4,"BMB"
"21","0003024",4,"BMB"
"22","0003025",4,"BMB"
"23","0003026",4,"BMB"
"24","0003032",4,"BMB"
"25","0003033",4,"BMB"
"26","0003034",4,"BMB"
"27","0003036",4,"BMB"
"28","0003037",4,"BMB"
"29","0003038",4,"BMB"
"30","0003039",4,"BMB"
"31","0003040",4,"BMB"
"32","0003041",4,"BMB"
"33","0003042",4,"BMB"
"34","0003044",4,"BMB"
"35","0003045",4,"BMB"
"36","0003047",4,"BMB"
"37","0003049",4,"BMB"
"38","0003050",4,"BMB"
"39","0003051",4,"BMB"
"40","0003052",4,"BMB"
"41","0003054",4,"BMB"
"42","0003055",4,"BMB"
"43","0003056",4,"BMB"
"44","0003057",4,"BMB"
"45","0003059",4,"BMB"
"46","0003060",4,"BMB"
"47","0003061",4,"BMB"
"48","0003062",4,"BMB"
"49","0003063",4,"BMB"
"50","0003064",4,"BMB"
"51","0021001",22,"NKI"
"52","0021002",22,"NKI"
"53","0021006",22,"NKI"
"54","0021018",22,"NKI"
"55","0021024",22,"NKI"
"56","0025000",24,"NYU 2"
"58","0025001",24,"NYU 2"
"60","0025002",24,"NYU 2"
"62","0025003",24,"NYU 2"
"64","0025004",24,"NYU 2"
"66","0025005",24,"NYU 2"
"68","0025006",24,"NYU 2"
"70","0025007",24,"NYU 2"
"72","0025008",24,"NYU 2"
"74","0025009",24,"NYU 2"
"76","0025010",24,"NYU 2"
"78","0025011",24,"NYU 2"
"80","0025012",24,"NYU 2"
"82","0025013",24,"NYU 2"
"84","0025014",24,"NYU 2"
"86","0025015",24,"NYU 2"
"88","0025016",24,"NYU 2"
"90","0025017",24,"NYU 2"
"92","0025018",24,"NYU 2"
"94","0025019",24,"NYU 2"
"96","0025020",24,"NYU 2"
"98","0025021",24,"NYU 2"
"100","0025022",24,"NYU 2"
"102","0025023",24,"NYU 2"
"105","0025024",24,"NYU 2"
"107","0025025",24,"NYU 2"
"110","0025026",24,"NYU 2"
"112","0025027",24,"NYU 2"
"114","0025028",24,"NYU 2"
"116","0025029",24,"NYU 2"
"118","0025030",24,"NYU 2"
"120","0025031",24,"NYU 2"
"122","0025032",24,"NYU 2"
"124","0025033",24,"NYU 2"
"126","0025034",24,"NYU 2"
"128","0025035",24,"NYU 2"
"130","0025036",24,"NYU 2"
"132","0025037",24,"NYU 2"
"134","0025038",24,"NYU 2"
"136","0025039",24,"NYU 2"
"138","0025040",24,"NYU 2"
"140","0025041",24,"NYU 2"
"142","0025042",24,"NYU 2"
"144","0025043",24,"NYU 2"
"146","0025044",24,"NYU 2"
"148","0025045",24,"NYU 2"
"150","0025046",24,"NYU 2"
"152","0025047",24,"NYU 2"
"155","0025048",24,"NYU 2"
"157","0025049",24,"NYU 2"
"159","0025050",24,"NYU 2"
"161","0025051",24,"NYU 2"
"163","0025052",24,"NYU 2"
"165","0025053",24,"NYU 2"
"167","0025054",24,"NYU 2"
"169","0025055",24,"NYU 2"
"171","0025056",24,"NYU 2"
"173","0025057",24,"NYU 2"
"175","0025058",24,"NYU 2"
"177","0025059",24,"NYU 2"
"179","0025060",24,"NYU 2"
"181","0025061",24,"NYU 2"
"183","0025062",24,"NYU 2"
"184","0025063",24,"NYU 2"
"185","0025064",24,"NYU 2"
"186","0025065",24,"NYU 2"
"187","0025066",24,"NYU 2"
"188","0025067",24,"NYU 2"
"189","0025068",24,"NYU 2"
"190","0025069",24,"NYU 2"
"191","0025070",24,"NYU 2"
"192","0025071",24,"NYU 2"
"193","0025072",24,"NYU 2"
"194","0025073",24,"NYU 2"
"195","0025074",24,"NYU 2"
"196","0025075",24,"NYU 2"
"197","0025076",24,"NYU 2"
"198","0025077",24,"NYU 2"
"199","0025078",24,"NYU 2"
"200","0025079",24,"NYU 2"
"201","0025080",24,"NYU 2"
"202","0025081",24,"NYU 2"
"203","0025082",24,"NYU 2"
"204","0025083",24,"NYU 2"
"205","0025084",24,"NYU 2"
"206","0025085",24,"NYU 2"
"207","0025086",24,"NYU 2"
"208","0025087",24,"NYU 2"
"209","0025088",24,"NYU 2"
"210","0025089",24,"NYU 2"
"211","0025090",24,"NYU 2"
"212","0025091",24,"NYU 2"
"213","0025092",24,"NYU 2"
"214","0025093",24,"NYU 2"
"215","0025094",24,"NYU 2"
"216","0025095",24,"NYU 2"
"217","0025096",24,"NYU 2"
"218","0025097",24,"NYU 2"
"219","0025098",24,"NYU 2"
"220","0025099",24,"NYU 2"
"221","0025100",24,"NYU 2"
"222","0025101",24,"NYU 2"
"223","0025102",24,"NYU 2"
"224","0025103",24,"NYU 2"
"225","0025104",24,"NYU 2"
"226","0025105",24,"NYU 2"
"227","0025106",24,"NYU 2"
"228","0025107",24,"NYU 2"
"229","0025108",24,"NYU 2"
"230","0025109",24,"NYU 2"
"231","0025110",24,"NYU 2"
"232","0025111",24,"NYU 2"
"233","0025112",24,"NYU 2"
"234","0025113",24,"NYU 2"
"235","0025114",24,"NYU 2"
"236","0025115",24,"NYU 2"
"237","0025116",24,"NYU 2"
"238","0025117",24,"NYU 2"
"239","0025118",24,"NYU 2"
"240","0025119",24,"NYU 2"
"241","0025120",24,"NYU 2"
"242","0025121",24,"NYU 2"
"243","0025122",24,"NYU 2"
"244","0025123",24,"NYU 2"
"245","0025124",24,"NYU 2"
"246","0025125",24,"NYU 2"
"247","0025126",24,"NYU 2"
"248","0025127",24,"NYU 2"
"249","0025128",24,"NYU 2"
"250","0025129",24,"NYU 2"
"251","0025130",24,"NYU 2"
"252","0025131",24,"NYU 2"
"253","0025132",24,"NYU 2"
"254","0025133",24,"NYU 2"
"255","0025134",24,"NYU 2"
"256","0025135",24,"NYU 2"
"257","0025136",24,"NYU 2"
"258","0025137",24,"NYU 2"
"259","0025138",24,"NYU 2"
"260","0025139",24,"NYU 2"
"261","0025140",24,"NYU 2"
"262","0025141",24,"NYU 2"
"263","0025142",24,"NYU 2"
"264","0025143",24,"NYU 2"
"265","0025144",24,"NYU 2"
"266","0025145",24,"NYU 2"
"267","0025146",24,"NYU 2"
"268","0025147",24,"NYU 2"
"269","0025148",24,"NYU 2"
"270","0025149",24,"NYU 2"
"271","0025150",24,"NYU 2"
"272","0025151",24,"NYU 2"
"273","0025152",24,"NYU 2"
"274","0025153",24,"NYU 2"
"275","0025154",24,"NYU 2"
"276","0025155",24,"NYU 2"
"277","0025156",24,"NYU 2"
"278","0025157",24,"NYU 2"
"279","0025158",24,"NYU 2"
"280","0025159",24,"NYU 2"
"281","0025160",24,"NYU 2"
"282","0025161",24,"NYU 2"
"283","0025162",24,"NYU 2"
"284","0025163",24,"NYU 2"
"285","0025164",24,"NYU 2"
"286","0025165",24,"NYU 2"
"287","0025166",24,"NYU 2"
"288","0025167",24,"NYU 2"
"289","0025168",24,"NYU 2"
"290","0025169",24,"NYU 2"
"291","0025170",24,"NYU 2"
"292","0025171",24,"NYU 2"
"293","0025172",24,"NYU 2"
"294","0025173",24,"NYU 2"
"295","0025174",24,"NYU 2"
"296","0025175",24,"NYU 2"
"297","0025176",24,"NYU 2"
"298","0025177",24,"NYU 2"
"299","0025178",24,"NYU 2"
"300","0025179",24,"NYU 2"
"301","0025180",24,"NYU 2"
"302","0025181",24,"NYU 2"
"303","0025182",24,"NYU 2"
"304","0025183",24,"NYU 2"
"305","0025184",24,"NYU 2"
"306","0025185",24,"NYU 2"
"307","0025186",24,"NYU 2"
"308","0025234",25,"UPSM"
"310","0025235",25,"UPSM"
"312","0025236",25,"UPSM"
"314","0025237",25,"UPSM"
"316","0025238",25,"UPSM"
"319","0025239",25,"UPSM"
"322","0025240",25,"UPSM"
"325","0025241",25,"UPSM"
"327","0025242",25,"UPSM"
"329","0025243",25,"UPSM"
"331","0025244",25,"UPSM"
"334","0025245",25,"UPSM"
"337","0025246",25,"UPSM"
"339","0025247",25,"UPSM"
"341","0025248",25,"UPSM"
"343","0025249",25,"UPSM"
"345","0025250",25,"UPSM"
"347","0025251",25,"UPSM"
"349","0025252",25,"UPSM"
"352","0025253",25,"UPSM"
"355","0025254",25,"UPSM"
"358","0025255",25,"UPSM"
"360","0025256",25,"UPSM"
"362","0025257",25,"UPSM"
"365","0025258",25,"UPSM"
"367","0025259",25,"UPSM"
"370","0025260",25,"UPSM"
"372","0025261",25,"UPSM"
"375","0025262",25,"UPSM"
"377","0025263",25,"UPSM"
"380","0025264",25,"UPSM"
"383","0025265",25,"UPSM"
"386","0025266",25,"UPSM"
"388","0025267",25,"UPSM"
"391","0025268",25,"UPSM"
"393","0025269",25,"UPSM"
"395","0025270",25,"UPSM"
"398","0025271",25,"UPSM"
"401","0025272",25,"UPSM"
"404","0025273",25,"UPSM"
"407","0025274",25,"UPSM"
"410","0025275",25,"UPSM"
"413","0025276",25,"UPSM"
"416","0025277",25,"UPSM"
"419","0025278",25,"UPSM"
"422","0025279",25,"UPSM"
"424","0025280",25,"UPSM"
"426","0025281",25,"UPSM"
"428","0025282",25,"UPSM"
"430","0025283",25,"UPSM"
"433","0025284",25,"UPSM"
"435","0025285",25,"UPSM"
"438","0025286",25,"UPSM"
"441","0025287",25,"UPSM"
"444","0025288",25,"UPSM"
"447","0025289",25,"UPSM"
"449","0025290",25,"UPSM"
"452","0025291",25,"UPSM"
"455","0025292",25,"UPSM"
"457","0025293",25,"UPSM"
"459","0025294",25,"UPSM"
"461","0025295",25,"UPSM"
"463","0025296",25,"UPSM"
"465","0025297",25,"UPSM"
"467","0025298",25,"UPSM"
"469","0025299",25,"UPSM"
"471","0025300",25,"UPSM"
"473","0025301",25,"UPSM"
"475","0025302",25,"UPSM"
"477","0025303",25,"UPSM"
"479","0025304",25,"UPSM"
"481","0025305",25,"UPSM"
"483","0025306",25,"UPSM"
"485","0025307",25,"UPSM"
"487","0025308",25,"UPSM"
"489","0025309",25,"UPSM"
"491","0025310",25,"UPSM"
"493","0025311",25,"UPSM"
"495","0025312",25,"UPSM"
"497","0025313",25,"UPSM"
"499","0025314",25,"UPSM"
"501","0025315",25,"UPSM"
"503","0025316",25,"UPSM"
"504","0025317",25,"UPSM"
"506","0025318",25,"UPSM"
"508","0025319",25,"UPSM"
"510","0025320",25,"UPSM"
"512","0025321",25,"UPSM"
"514","0025322",25,"UPSM"
"516","0025323",25,"UPSM"
"518","0025324",25,"UPSM"
"520","0025325",25,"UPSM"
"522","0025326",25,"UPSM"
"524","0025327",25,"UPSM"
"526","0025328",25,"UPSM"
"528","0025329",25,"UPSM"
"530","0025330",25,"UPSM"
"532","0025331",25,"UPSM"
"534","0025332",25,"UPSM"
"536","0025333",25,"UPSM"
"538","0025335",26,"LMU 1"
"539","0025336",26,"LMU 1"
"540","0025337",26,"LMU 1"
"541","0025338",26,"LMU 1"
"542","0025339",26,"LMU 1"
"543","0025340",26,"LMU 1"
"544","0025341",26,"LMU 1"
"545","0025342",26,"LMU 1"
"546","0025343",26,"LMU 1"
"547","0025344",26,"LMU 1"
"548","0025345",26,"LMU 1"
"549","0025346",26,"LMU 1"
"550","0025347",26,"LMU 1"
"551","0025348",26,"LMU 1"
"552","0025349",26,"LMU 1"
"553","0025350",26,"LMU 1"
"554","0025351",26,"LMU 1"
"555","0025352",26,"LMU 1"
"556","0025353",26,"LMU 1"
"557","0025354",26,"LMU 1"
"558","0025355",26,"LMU 1"
"559","0025356",26,"LMU 1"
"560","0025357",26,"LMU 1"
"561","0025358",26,"LMU 1"
"562","0025359",26,"LMU 1"
"563","0025360",26,"LMU 1"
"564","0025361",26,"LMU 1"
"565","0025362",27,"LMU 2"
"566","0025363",27,"LMU 2"
"567","0025364",27,"LMU 2"
"568","0025365",27,"LMU 2"
"569","0025366",27,"LMU 2"
"570","0025367",27,"LMU 2"
"571","0025368",27,"LMU 2"
"572","0025369",27,"LMU 2"
"573","0025370",27,"LMU 2"
"574","0025371",27,"LMU 2"
"575","0025372",27,"LMU 2"
"576","0025373",27,"LMU 2"
"577","0025374",27,"LMU 2"
"578","0025375",27,"LMU 2"
"579","0025376",27,"LMU 2"
"580","0025377",27,"LMU 2"
"581","0025378",27,"LMU 2"
"582","0025379",27,"LMU 2"
"583","0025380",27,"LMU 2"
"584","0025381",27,"LMU 2"
"585","0025382",27,"LMU 2"
"586","0025383",27,"LMU 2"
"587","0025384",27,"LMU 2"
"588","0025385",27,"LMU 2"
"589","0025386",27,"LMU 2"
"590","0025387",27,"LMU 2"
"591","0025388",27,"LMU 2"
"592","0025389",27,"LMU 2"
"593","0025390",27,"LMU 2"
"594","0025391",27,"LMU 2"
"595","0025392",27,"LMU 2"
"596","0025393",27,"LMU 2"
"597","0025394",27,"LMU 2"
"598","0025395",27,"LMU 2"
"599","0025396",27,"LMU 2"
"600","0025397",27,"LMU 2"
"601","0025398",27,"LMU 2"
"602","0025399",27,"LMU 2"
"603","0025400",27,"LMU 2"
"604","0025401",27,"LMU 2"
"605","0025402",28,"LMU 3"
"607","0025403",28,"LMU 3"
"609","0025404",28,"LMU 3"
"611","0025405",28,"LMU 3"
"613","0025406",28,"LMU 3"
"615","0025407",28,"LMU 3"
"617","0025408",28,"LMU 3"
"619","0025409",28,"LMU 3"
"621","0025410",28,"LMU 3"
"623","0025411",28,"LMU 3"
"625","0025412",28,"LMU 3"
"627","0025413",28,"LMU 3"
"629","0025414",28,"LMU 3"
"631","0025415",28,"LMU 3"
"633","0025416",28,"LMU 3"
"635","0025417",28,"LMU 3"
"637","0025418",28,"LMU 3"
"639","0025419",28,"LMU 3"
"641","0025420",28,"LMU 3"
"643","0025421",28,"LMU 3"
"645","0025422",28,"LMU 3"
"647","0025423",28,"LMU 3"
"649","0025424",28,"LMU 3"
"651","0025425",28,"LMU 3"
"653","0025426",28,"LMU 3"
"655","0025427",29,"HNU"
"665","0025428",29,"HNU"
"675","0025429",29,"HNU"
"685","0025430",29,"HNU"
"695","0025431",29,"HNU"
"705","0025432",29,"HNU"
"715","0025433",29,"HNU"
"725","0025434",29,"HNU"
"735","0025435",29,"HNU"
"745","0025436",29,"HNU"
"755","0025437",29,"HNU"
"765","0025438",29,"HNU"
"775","0025439",29,"HNU"
"785","0025440",29,"HNU"
"795","0025441",29,"HNU"
"805","0025442",29,"HNU"
"815","0025443",29,"HNU"
"825","0025444",29,"HNU"
"835","0025445",29,"HNU"
"845","0025446",29,"HNU"
"855","0025447",29,"HNU"
"865","0025448",29,"HNU"
"875","0025449",29,"HNU"
"885","0025450",29,"HNU"
"895","0025451",29,"HNU"
"905","0025452",29,"HNU"
"915","0025453",29,"HNU"
"925","0025454",29,"HNU"
"935","0025455",29,"HNU"
"945","0025456",29,"HNU"
"955","0025457",30,"IACAS"
"957","0025458",30,"IACAS"
"960","0025459",30,"IACAS"
"962","0025460",30,"IACAS"
"964","0025461",30,"IACAS"
"966","0025462",30,"IACAS"
"968","0025463",30,"IACAS"
"971","0025464",30,"IACAS"
"973","0025465",30,"IACAS"
"976","0025466",30,"IACAS"
"979","0025467",30,"IACAS"
"981","0025468",30,"IACAS"
"982","0025469",30,"IACAS"
"984","0025470",30,"IACAS"
"986","0025471",30,"IACAS"
"988","0025472",30,"IACAS"
"990","0025473",30,"IACAS"
"992","0025474",30,"IACAS"
"994","0025475",30,"IACAS"
"996","0025476",30,"IACAS"
"998","0025477",30,"IACAS"
"1000","0025478",30,"IACAS"
"1002","0025479",30,"IACAS"
"1004","0025480",30,"IACAS"
"1006","0025481",30,"IACAS"
"1008","0025482",30,"IACAS"
"1010","0025483",30,"IACAS"
"1012","0025484",30,"IACAS"
"1014","0025485",31,"IPCAS 1"
"1016","0025486",31,"IPCAS 1"
"1018","0025487",31,"IPCAS 1"
"1020","0025488",31,"IPCAS 1"
"1022","0025489",31,"IPCAS 1"
"1024","0025490",31,"IPCAS 1"
"1026","0025491",31,"IPCAS 1"
"1028","0025492",31,"IPCAS 1"
"1030","0025493",31,"IPCAS 1"
"1032","0025494",31,"IPCAS 1"
"1034","0025495",31,"IPCAS 1"
"1036","0025496",31,"IPCAS 1"
"1038","0025497",31,"IPCAS 1"
"1040","0025498",31,"IPCAS 1"
"1042","0025499",31,"IPCAS 1"
"1044","0025500",31,"IPCAS 1"
"1046","0025501",31,"IPCAS 1"
"1048","0025502",31,"IPCAS 1"
"1050","0025503",31,"IPCAS 1"
"1052","0025504",31,"IPCAS 1"
"1054","0025505",31,"IPCAS 1"
"1056","0025506",31,"IPCAS 1"
"1058","0025507",31,"IPCAS 1"
"1060","0025508",31,"IPCAS 1"
"1062","0025509",31,"IPCAS 1"
"1064","0025510",31,"IPCAS 1"
"1066","0025511",31,"IPCAS 1"
"1068","0025512",31,"IPCAS 1"
"1070","0025513",31,"IPCAS 1"
"1072","0025514",31,"IPCAS 1"
"1074","0025515",32,"IPCAS 2"
"1076","0025516",32,"IPCAS 2"
"1078","0025517",32,"IPCAS 2"
"1080","0025518",32,"IPCAS 2"
"1082","0025519",32,"IPCAS 2"
"1084","0025520",32,"IPCAS 2"
"1086","0025521",32,"IPCAS 2"
"1088","0025522",32,"IPCAS 2"
"1090","0025523",32,"IPCAS 2"
"1092","0025524",32,"IPCAS 2"
"1094","0025525",32,"IPCAS 2"
"1096","0025526",32,"IPCAS 2"
"1098","0025527",32,"IPCAS 2"
"1100","0025528",32,"IPCAS 2"
"1102","0025529",32,"IPCAS 2"
"1104","0025530",32,"IPCAS 2"
"1106","0025531",32,"IPCAS 2"
"1108","0025532",32,"IPCAS 2"
"1110","0025533",32,"IPCAS 2"
"1112","0025534",32,"IPCAS 2"
"1114","0025535",32,"IPCAS 2"
"1116","0025536",32,"IPCAS 2"
"1118","0025537",32,"IPCAS 2"
"1120","0025538",32,"IPCAS 2"
"1122","0025539",32,"IPCAS 2"
"1124","0025540",32,"IPCAS 2"
"1126","0025541",32,"IPCAS 2"
"1128","0025542",32,"IPCAS 2"
"1130","0025543",32,"IPCAS 2"
"1132","0025544",32,"IPCAS 2"
"1134","0025545",32,"IPCAS 2"
"1136","0025546",32,"IPCAS 2"
"1138","0025547",32,"IPCAS 2"
"1140","0025548",32,"IPCAS 2"
"1142","0025549",32,"IPCAS 2"
"1144","0025550",33,"IPCAS 3"
"1145","0025551",33,"IPCAS 3"
"1146","0025552",33,"IPCAS 3"
"1147","0025553",33,"IPCAS 3"
"1148","0025554",33,"IPCAS 3"
"1149","0025555",33,"IPCAS 3"
"1150","0025556",33,"IPCAS 3"
"1151","0025557",33,"IPCAS 3"
"1153","0025558",33,"IPCAS 3"
"1154","0025559",33,"IPCAS 3"
"1155","0025560",33,"IPCAS 3"
"1156","0025561",33,"IPCAS 3"
"1158","0025562",33,"IPCAS 3"
"1160","0025563",33,"IPCAS 3"
"1161","0025564",33,"IPCAS 3"
"1162","0025565",33,"IPCAS 3"
"1163","0025566",33,"IPCAS 3"
"1164","0025567",33,"IPCAS 3"
"1166","0025568",33,"IPCAS 3"
"1167","0025569",33,"IPCAS 3"
"1168","0025570",33,"IPCAS 3"
"1169","0025571",33,"IPCAS 3"
"1170","0025572",33,"IPCAS 3"
"1171","0025573",33,"IPCAS 3"
"1172","0025574",33,"IPCAS 3"
"1173","0025575",33,"IPCAS 3"
"1174","0025576",33,"IPCAS 3"
"1175","0025577",33,"IPCAS 3"
"1176","0025578",33,"IPCAS 3"
"1177","0025579",33,"IPCAS 3"
"1178","0025580",33,"IPCAS 3"
"1179","0025581",33,"IPCAS 3"
"1180","0025582",33,"IPCAS 3"
"1181","0025583",33,"IPCAS 3"
"1182","0025584",33,"IPCAS 3"
"1183","0025585",33,"IPCAS 3"
"1184","0025586",34,"IPCAS 8"
"1186","0025587",34,"IPCAS 8"
"1188","0025588",34,"IPCAS 8"
"1190","0025589",34,"IPCAS 8"
"1192","0025590",34,"IPCAS 8"
"1194","0025591",34,"IPCAS 8"
"1196","0025592",34,"IPCAS 8"
"1198","0025593",34,"IPCAS 8"
"1200","0025594",34,"IPCAS 8"
"1202","0025595",34,"IPCAS 8"
"1204","0025596",34,"IPCAS 8"
"1206","0025597",34,"IPCAS 8"
"1208","0025598",34,"IPCAS 8"
"1210","0025599",35,"JHNU"
"1211","0025600",35,"JHNU"
"1212","0025601",35,"JHNU"
"1213","0025602",35,"JHNU"
"1214","0025603",35,"JHNU"
"1215","0025604",35,"JHNU"
"1216","0025605",35,"JHNU"
"1217","0025606",35,"JHNU"
"1218","0025607",35,"JHNU"
"1219","0025608",35,"JHNU"
"1220","0025609",35,"JHNU"
"1221","0025610",35,"JHNU"
"1222","0025611",35,"JHNU"
"1223","0025612",35,"JHNU"
"1224","0025613",35,"JHNU"
"1225","0025614",35,"JHNU"
"1226","0025615",35,"JHNU"
"1227","0025616",35,"JHNU"
"1228","0025617",35,"JHNU"
"1229","0025618",35,"JHNU"
"1230","0025619",35,"JHNU"
"1231","0025620",35,"JHNU"
"1232","0025621",35,"JHNU"
"1233","0025622",35,"JHNU"
"1234","0025623",35,"JHNU"
"1235","0025624",35,"JHNU"
"1236","0025625",35,"JHNU"
"1237","0025626",35,"JHNU"
"1238","0025627",35,"JHNU"
"1239","0025628",35,"JHNU"
"1240","0025629",36,"SWU 4"
"1242","0025630",36,"SWU 4"
"1244","0025631",36,"SWU 4"
"1246","0025632",36,"SWU 4"
"1248","0025633",36,"SWU 4"
"1250","0025634",36,"SWU 4"
"1252","0025635",36,"SWU 4"
"1254","0025636",36,"SWU 4"
"1256","0025637",36,"SWU 4"
"1258","0025638",36,"SWU 4"
"1260","0025639",36,"SWU 4"
"1262","0025640",36,"SWU 4"
"1264","0025641",36,"SWU 4"
"1266","0025642",36,"SWU 4"
"1268","0025643",36,"SWU 4"
"1270","0025644",36,"SWU 4"
"1272","0025645",36,"SWU 4"
"1274","0025646",36,"SWU 4"
"1276","0025647",36,"SWU 4"
"1278","0025648",36,"SWU 4"
"1280","0025649",36,"SWU 4"
"1282","0025650",36,"SWU 4"
"1284","0025651",36,"SWU 4"
"1286","0025652",36,"SWU 4"
"1288","0025653",36,"SWU 4"
"1290","0025654",36,"SWU 4"
"1292","0025655",36,"SWU 4"
"1294","0025656",36,"SWU 4"
"1296","0025657",36,"SWU 4"
"1298","0025658",36,"SWU 4"
"1300","0025659",36,"SWU 4"
"1302","0025660",36,"SWU 4"
"1304","0025661",36,"SWU 4"
"1306","0025662",36,"SWU 4"
"1308","0025663",36,"SWU 4"
"1310","0025664",36,"SWU 4"
"1312","0025665",36,"SWU 4"
"1314","0025666",36,"SWU 4"
"1316","0025667",36,"SWU 4"
"1318","0025668",36,"SWU 4"
"1320","0025669",36,"SWU 4"
"1322","0025670",36,"SWU 4"
"1324","0025671",36,"SWU 4"
"1326","0025672",36,"SWU 4"
"1328","0025673",36,"SWU 4"
"1330","0025674",36,"SWU 4"
"1332","0025675",36,"SWU 4"
"1334","0025676",36,"SWU 4"
"1336","0025677",36,"SWU 4"
"1338","0025678",36,"SWU 4"
"1340","0025679",36,"SWU 4"
"1342","0025680",36,"SWU 4"
"1344","0025681",36,"SWU 4"
"1346","0025682",36,"SWU 4"
"1348","0025683",36,"SWU 4"
"1350","0025684",36,"SWU 4"
"1352","0025685",36,"SWU 4"
"1354","0025686",36,"SWU 4"
"1356","0025687",36,"SWU 4"
"1358","0025688",36,"SWU 4"
"1360","0025689",36,"SWU 4"
"1362","0025690",36,"SWU 4"
"1364","0025691",36,"SWU 4"
"1366","0025692",36,"SWU 4"
"1368","0025693",36,"SWU 4"
"1370","0025694",36,"SWU 4"
"1372","0025695",36,"SWU 4"
"1374","0025696",36,"SWU 4"
"1376","0025697",36,"SWU 4"
"1378","0025698",36,"SWU 4"
"1380","0025699",36,"SWU 4"
"1382","0025700",36,"SWU 4"
"1384","0025701",36,"SWU 4"
"1386","0025702",36,"SWU 4"
"1388","0025703",36,"SWU 4"
"1390","0025704",36,"SWU 4"
"1392","0025705",36,"SWU 4"
"1394","0025706",36,"SWU 4"
"1396","0025707",36,"SWU 4"
"1398","0025708",36,"SWU 4"
"1400","0025709",36,"SWU 4"
"1402","0025710",36,"SWU 4"
"1404","0025711",36,"SWU 4"
"1406","0025712",36,"SWU 4"
"1408","0025713",36,"SWU 4"
"1410","0025714",36,"SWU 4"
"1412","0025715",36,"SWU 4"
"1414","0025716",36,"SWU 4"
"1416","0025717",36,"SWU 4"
"1418","0025718",36,"SWU 4"
"1420","0025719",36,"SWU 4"
"1422","0025720",36,"SWU 4"
"1424","0025721",36,"SWU 4"
"1426","0025722",36,"SWU 4"
"1428","0025723",36,"SWU 4"
"1430","0025724",36,"SWU 4"
"1432","0025725",36,"SWU 4"
"1434","0025726",36,"SWU 4"
"1436","0025727",36,"SWU 4"
"1438","0025728",36,"SWU 4"
"1440","0025729",36,"SWU 4"
"1442","0025730",36,"SWU 4"
"1444","0025731",36,"SWU 4"
"1446","0025732",36,"SWU 4"
"1448","0025733",36,"SWU 4"
"1450","0025734",36,"SWU 4"
"1452","0025735",36,"SWU 4"
"1454","0025736",36,"SWU 4"
"1456","0025737",36,"SWU 4"
"1458","0025738",36,"SWU 4"
"1460","0025739",36,"SWU 4"
"1462","0025740",36,"SWU 4"
"1464","0025741",36,"SWU 4"
"1466","0025742",36,"SWU 4"
"1468","0025743",36,"SWU 4"
"1470","0025744",36,"SWU 4"
"1472","0025745",36,"SWU 4"
"1474","0025746",36,"SWU 4"
"1475","0025747",36,"SWU 4"
"1477","0025748",36,"SWU 4"
"1479","0025749",36,"SWU 4"
"1481","0025750",36,"SWU 4"
"1483","0025751",36,"SWU 4"
"1485","0025752",36,"SWU 4"
"1487","0025753",36,"SWU 4"
"1489","0025754",36,"SWU 4"
"1491","0025755",36,"SWU 4"
"1492","0025756",36,"SWU 4"
"1494","0025757",36,"SWU 4"
"1496","0025758",36,"SWU 4"
"1498","0025759",36,"SWU 4"
"1500","0025760",36,"SWU 4"
"1502","0025761",36,"SWU 4"
"1504","0025762",36,"SWU 4"
"1506","0025763",36,"SWU 4"
"1508","0025764",36,"SWU 4"
"1510","0025765",36,"SWU 4"
"1512","0025766",36,"SWU 4"
"1514","0025767",36,"SWU 4"
"1516","0025768",36,"SWU 4"
"1518","0025769",36,"SWU 4"
"1520","0025770",36,"SWU 4"
"1522","0025771",36,"SWU 4"
"1524","0025772",36,"SWU 4"
"1526","0025773",36,"SWU 4"
"1528","0025774",36,"SWU 4"
"1530","0025775",36,"SWU 4"
"1532","0025776",36,"SWU 4"
"1534","0025777",36,"SWU 4"
"1536","0025778",36,"SWU 4"
"1538","0025779",36,"SWU 4"
"1540","0025780",36,"SWU 4"
"1542","0025781",36,"SWU 4"
"1544","0025782",36,"SWU 4"
"1546","0025783",36,"SWU 4"
"1548","0025784",36,"SWU 4"
"1550","0025785",36,"SWU 4"
"1552","0025786",36,"SWU 4"
"1554","0025787",36,"SWU 4"
"1556","0025788",36,"SWU 4"
"1558","0025789",36,"SWU 4"
"1560","0025790",36,"SWU 4"
"1562","0025791",36,"SWU 4"
"1564","0025792",36,"SWU 4"
"1566","0025793",36,"SWU 4"
"1568","0025794",36,"SWU 4"
"1570","0025795",36,"SWU 4"
"1572","0025796",36,"SWU 4"
"1574","0025797",36,"SWU 4"
"1576","0025798",36,"SWU 4"
"1578","0025799",36,"SWU 4"
"1580","0025800",36,"SWU 4"
"1582","0025801",36,"SWU 4"
"1584","0025802",36,"SWU 4"
"1586","0025803",36,"SWU 4"
"1588","0025804",36,"SWU 4"
"1590","0025805",36,"SWU 4"
"1592","0025806",36,"SWU 4"
"1594","0025807",36,"SWU 4"
"1596","0025808",36,"SWU 4"
"1598","0025809",36,"SWU 4"
"1600","0025810",36,"SWU 4"
"1602","0025811",36,"SWU 4"
"1604","0025812",36,"SWU 4"
"1606","0025813",36,"SWU 4"
"1608","0025814",36,"SWU 4"
"1610","0025815",36,"SWU 4"
"1612","0025816",36,"SWU 4"
"1614","0025817",36,"SWU 4"
"1616","0025818",36,"SWU 4"
"1618","0025819",36,"SWU 4"
"1620","0025820",36,"SWU 4"
"1622","0025821",36,"SWU 4"
"1624","0025822",36,"SWU 4"
"1626","0025823",36,"SWU 4"
"1628","0025824",36,"SWU 4"
"1630","0025825",36,"SWU 4"
"1632","0025826",36,"SWU 4"
"1634","0025827",36,"SWU 4"
"1636","0025828",36,"SWU 4"
"1638","0025829",36,"SWU 4"
"1640","0025830",36,"SWU 4"
"1642","0025831",36,"SWU 4"
"1644","0025832",36,"SWU 4"
"1646","0025833",36,"SWU 4"
"1648","0025834",36,"SWU 4"
"1650","0025835",36,"SWU 4"
"1652","0025836",36,"SWU 4"
"1654","0025837",36,"SWU 4"
"1656","0025838",36,"SWU 4"
"1658","0025839",36,"SWU 4"
"1660","0025840",36,"SWU 4"
"1662","0025841",36,"SWU 4"
"1664","0025842",36,"SWU 4"
"1666","0025843",36,"SWU 4"
"1668","0025844",36,"SWU 4"
"1670","0025845",36,"SWU 4"
"1672","0025846",36,"SWU 4"
"1674","0025847",36,"SWU 4"
"1676","0025848",36,"SWU 4"
"1678","0025849",36,"SWU 4"
"1680","0025850",36,"SWU 4"
"1682","0025851",36,"SWU 4"
"1684","0025852",36,"SWU 4"
"1686","0025853",36,"SWU 4"
"1688","0025854",36,"SWU 4"
"1690","0025855",36,"SWU 4"
"1692","0025856",36,"SWU 4"
"1694","0025857",36,"SWU 4"
"1696","0025858",36,"SWU 4"
"1698","0025859",36,"SWU 4"
"1700","0025860",36,"SWU 4"
"1702","0025861",36,"SWU 4"
"1704","0025862",36,"SWU 4"
"1706","0025863",36,"SWU 4"
"1708","0025864",37,"BNU 1"
"1710","0025865",37,"BNU 1"
"1712","0025866",37,"BNU 1"
"1714","0025867",37,"BNU 1"
"1716","0025868",37,"BNU 1"
"1718","0025869",37,"BNU 1"
"1720","0025870",37,"BNU 1"
"1722","0025871",37,"BNU 1"
"1724","0025872",37,"BNU 1"
"1726","0025873",37,"BNU 1"
"1728","0025874",37,"BNU 1"
"1730","0025875",37,"BNU 1"
"1732","0025876",37,"BNU 1"
"1734","0025877",37,"BNU 1"
"1736","0025878",37,"BNU 1"
"1738","0025879",37,"BNU 1"
"1740","0025880",37,"BNU 1"
"1742","0025881",37,"BNU 1"
"1744","0025882",37,"BNU 1"
"1746","0025883",37,"BNU 1"
"1748","0025884",37,"BNU 1"
"1750","0025885",37,"BNU 1"
"1752","0025886",37,"BNU 1"
"1754","0025887",37,"BNU 1"
"1756","0025888",37,"BNU 1"
"1758","0025889",37,"BNU 1"
"1760","0025890",37,"BNU 1"
"1762","0025891",37,"BNU 1"
"1764","0025892",37,"BNU 1"
"1766","0025893",37,"BNU 1"
"1768","0025894",37,"BNU 1"
"1770","0025895",37,"BNU 1"
"1772","0025896",37,"BNU 1"
"1774","0025897",37,"BNU 1"
"1776","0025898",37,"BNU 1"
"1778","0025899",37,"BNU 1"
"1780","0025900",37,"BNU 1"
"1782","0025901",37,"BNU 1"
"1784","0025902",37,"BNU 1"
"1786","0025903",37,"BNU 1"
"1788","0025904",37,"BNU 1"
"1790","0025905",37,"BNU 1"
"1792","0025906",37,"BNU 1"
"1794","0025907",37,"BNU 1"
"1796","0025908",37,"BNU 1"
"1798","0025909",37,"BNU 1"
"1800","0025910",37,"BNU 1"
"1802","0025911",37,"BNU 1"
"1804","0025912",37,"BNU 1"
"1806","0025913",37,"BNU 1"
"1808","0025914",37,"BNU 1"
"1809","0025915",37,"BNU 1"
"1810","0025916",37,"BNU 1"
"1811","0025917",37,"BNU 1"
"1812","0025918",37,"BNU 1"
"1813","0025919",37,"BNU 1"
"1814","0025920",37,"BNU 1"
"1815","0025921",38,"BNU 2"
"1817","0025922",38,"BNU 2"
"1819","0025923",38,"BNU 2"
"1821","0025924",38,"BNU 2"
"1823","0025925",38,"BNU 2"
"1825","0025926",38,"BNU 2"
"1827","0025927",38,"BNU 2"
"1829","0025928",38,"BNU 2"
"1831","0025929",38,"BNU 2"
"1833","0025930",38,"BNU 2"
"1835","0025931",38,"BNU 2"
"1837","0025932",38,"BNU 2"
"1839","0025933",38,"BNU 2"
"1841","0025934",38,"BNU 2"
"1843","0025935",38,"BNU 2"
"1845","0025936",38,"BNU 2"
"1847","0025937",38,"BNU 2"
"1849","0025938",38,"BNU 2"
"1851","0025939",38,"BNU 2"
"1853","0025940",38,"BNU 2"
"1855","0025941",38,"BNU 2"
"1857","0025942",38,"BNU 2"
"1859","0025943",38,"BNU 2"
"1861","0025944",38,"BNU 2"
"1863","0025945",38,"BNU 2"
"1865","0025946",38,"BNU 2"
"1867","0025947",38,"BNU 2"
"1869","0025948",38,"BNU 2"
"1871","0025949",38,"BNU 2"
"1873","0025950",38,"BNU 2"
"1875","0025951",38,"BNU 2"
"1877","0025952",38,"BNU 2"
"1879","0025953",38,"BNU 2"
"1881","0025954",38,"BNU 2"
"1883","0025955",38,"BNU 2"
"1885","0025956",38,"BNU 2"
"1887","0025957",38,"BNU 2"
"1889","0025958",38,"BNU 2"
"1891","0025959",38,"BNU 2"
"1893","0025960",38,"BNU 2"
"1895","0025961",38,"BNU 2"
"1897","0025962",38,"BNU 2"
"1899","0025963",38,"BNU 2"
"1901","0025964",38,"BNU 2"
"1903","0025965",38,"BNU 2"
"1905","0025966",38,"BNU 2"
"1907","0025967",38,"BNU 2"
"1909","0025968",38,"BNU 2"
"1911","0025969",38,"BNU 2"
"1913","0025970",38,"BNU 2"
"1915","0025971",38,"BNU 2"
"1917","0025972",38,"BNU 2"
"1919","0025973",38,"BNU 2"
"1921","0025974",38,"BNU 2"
"1923","0025975",38,"BNU 2"
"1925","0025976",38,"BNU 2"
"1927","0025977",38,"BNU 2"
"1929","0025978",38,"BNU 2"
"1931","0025979",38,"BNU 2"
"1933","0025980",38,"BNU 2"
"1935","0025981",38,"BNU 2"
"1937","0025982",39,"XHCUMS"
"1942","0025983",39,"XHCUMS"
"1947","0025984",39,"XHCUMS"
"1952","0025985",39,"XHCUMS"
"1957","0025986",39,"XHCUMS"
"1962","0025987",39,"XHCUMS"
"1967","0025988",39,"XHCUMS"
"1972","0025989",39,"XHCUMS"
"1977","0025990",39,"XHCUMS"
"1982","0025991",39,"XHCUMS"
"1987","0025992",39,"XHCUMS"
"1992","0025993",39,"XHCUMS"
"1997","0025994",39,"XHCUMS"
"2002","0025995",39,"XHCUMS"
"2007","0025996",39,"XHCUMS"
"2012","0025997",39,"XHCUMS"
"2017","0025998",39,"XHCUMS"
"2022","0025999",39,"XHCUMS"
"2027","0026000",39,"XHCUMS"
"2032","0026001",39,"XHCUMS"
"2037","0026002",39,"XHCUMS"
"2042","0026003",39,"XHCUMS"
"2047","0026004",39,"XHCUMS"
"2052","0026005",39,"XHCUMS"
"2057","0026006",39,"XHCUMS"
"2062","0026007",40,"UM"
"2064","0026008",40,"UM"
"2066","0026009",40,"UM"
"2068","0026010",40,"UM"
"2070","0026011",40,"UM"
"2072","0026012",40,"UM"
"2074","0026013",40,"UM"
"2076","0026014",40,"UM"
"2078","0026015",40,"UM"
"2080","0026016",40,"UM"
"2082","0026017",41,"Utah 2"
"2092","0026018",42,"Utah 1"
"2094","0026019",42,"Utah 1"
"2096","0026020",42,"Utah 1"
"2098","0026021",42,"Utah 1"
"2100","0026022",42,"Utah 1"
"2102","0026023",42,"Utah 1"
"2104","0026024",42,"Utah 1"
"2106","0026025",42,"Utah 1"
"2108","0026026",42,"Utah 1"
"2110","0026027",42,"Utah 1"
"2112","0026028",42,"Utah 1"
"2114","0026029",42,"Utah 1"
"2116","0026030",42,"Utah 1"
"2118","0026031",42,"Utah 1"
"2120","0026032",42,"Utah 1"
"2122","0026033",42,"Utah 1"
"2124","0026034",42,"Utah 1"
"2126","0026035",42,"Utah 1"
"2128","0026036",42,"Utah 1"
"2130","0026037",42,"Utah 1"
"2132","0026038",42,"Utah 1"
"2134","0026039",42,"Utah 1"
"2136","0026040",42,"Utah 1"
"2138","0026041",42,"Utah 1"
"2140","0026042",42,"Utah 1"
"2142","0026043",42,"Utah 1"
"2144","0026044",43,"IPCAS 6"
"2145","0026045",43,"IPCAS 6"
"2146","0026046",44,"IPCAS 7"
"2147","0026047",44,"IPCAS 7"
"2148","0026048",44,"IPCAS 7"
"2149","0026049",44,"IPCAS 7"
"2150","0026050",44,"IPCAS 7"
"2151","0026051",44,"IPCAS 7"
"2152","0026052",44,"IPCAS 7"
"2153","0026053",44,"IPCAS 7"
"2154","0026054",44,"IPCAS 7"
"2155","0026055",44,"IPCAS 7"
"2156","0026056",44,"IPCAS 7"
"2157","0026057",44,"IPCAS 7"
"2158","0026058",44,"IPCAS 7"
"2159","0026059",44,"IPCAS 7"
"2160","0026060",44,"IPCAS 7"
"2161","0026061",44,"IPCAS 7"
"2162","0026062",44,"IPCAS 7"
"2163","0026063",44,"IPCAS 7"
"2164","0026064",44,"IPCAS 7"
"2165","0026065",44,"IPCAS 7"
"2166","0026066",44,"IPCAS 7"
"2167","0026067",44,"IPCAS 7"
"2168","0026068",44,"IPCAS 7"
"2169","0026069",44,"IPCAS 7"
"2170","0026070",44,"IPCAS 7"
"2171","0026071",44,"IPCAS 7"
"2172","0026072",44,"IPCAS 7"
"2173","0026073",44,"IPCAS 7"
"2174","0026074",44,"IPCAS 7"
"2175","0026075",44,"IPCAS 7"
"2176","0026076",44,"IPCAS 7"
"2177","0026077",44,"IPCAS 7"
"2178","0026078",44,"IPCAS 7"
"2179","0026079",44,"IPCAS 7"
"2180","0026080",44,"IPCAS 7"
"2181","0026081",44,"IPCAS 7"
"2182","0026082",44,"IPCAS 7"
"2183","0026083",44,"IPCAS 7"
"2184","0026084",44,"IPCAS 7"
"2185","0026085",44,"IPCAS 7"
"2186","0026086",44,"IPCAS 7"
"2187","0026087",44,"IPCAS 7"
"2188","0026088",44,"IPCAS 7"
"2189","0026089",44,"IPCAS 7"
"2190","0026090",44,"IPCAS 7"
"2191","0026091",44,"IPCAS 7"
"2192","0026092",44,"IPCAS 7"
"2193","0026093",44,"IPCAS 7"
"2194","0026094",44,"IPCAS 7"
"2195","0026095",44,"IPCAS 7"
"2196","0026096",44,"IPCAS 7"
"2197","0026097",44,"IPCAS 7"
"2198","0026098",44,"IPCAS 7"
"2199","0026099",44,"IPCAS 7"
"2200","0026100",44,"IPCAS 7"
"2201","0026101",44,"IPCAS 7"
"2202","0026102",44,"IPCAS 7"
"2203","0026103",44,"IPCAS 7"
"2204","0026104",44,"IPCAS 7"
"2205","0026105",44,"IPCAS 7"
"2206","0026106",44,"IPCAS 7"
"2207","0026107",44,"IPCAS 7"
"2208","0026108",44,"IPCAS 7"
"2209","0026109",44,"IPCAS 7"
"2210","0026110",44,"IPCAS 7"
"2211","0026111",44,"IPCAS 7"
"2212","0026112",44,"IPCAS 7"
"2213","0026113",44,"IPCAS 7"
"2214","0026114",44,"IPCAS 7"
"2215","0026115",44,"IPCAS 7"
"2216","0026116",44,"IPCAS 7"
"2217","0026117",44,"IPCAS 7"
"2218","0026118",44,"IPCAS 7"
"2219","0026119",44,"IPCAS 7"
"2220","0026120",45,"UM"
"2222","0026121",45,"UM"
"2224","0026122",45,"UM"
"2226","0026123",45,"UM"
"2228","0026124",45,"UM"
"2230","0026125",45,"UM"
"2232","0026126",45,"UM"
"2234","0026127",45,"UM"
"2236","0026128",45,"UM"
"2238","0026129",45,"UM"
"2240","0026130",45,"UM"
"2242","0026131",45,"UM"
"2244","0026132",45,"UM"
"2246","0026133",45,"UM"
"2248","0026134",45,"UM"
"2250","0026135",45,"UM"
"2252","0026136",45,"UM"
"2254","0026137",45,"UM"
"2256","0026138",45,"UM"
"2258","0026139",45,"UM"
"2260","0026140",45,"UM"
"2262","0026141",45,"UM"
"2264","0026142",45,"UM"
"2266","0026143",45,"UM"
"2268","0026144",45,"UM"
"2270","0026145",45,"UM"
"2272","0026146",45,"UM"
"2274","0026147",45,"UM"
"2276","0026148",45,"UM"
"2278","0026149",45,"UM"
"2280","0026150",45,"UM"
"2282","0026151",45,"UM"
"2284","0026152",45,"UM"
"2286","0026153",45,"UM"
"2288","0026154",45,"UM"
"2290","0026155",45,"UM"
"2292","0026156",45,"UM"
"2294","0026157",45,"UM"
"2296","0026158",45,"UM"
"2298","0026159",45,"UM"
"2300","0026160",45,"UM"
"2302","0026161",45,"UM"
"2304","0026162",45,"UM"
"2306","0026163",45,"UM"
"2308","0026164",45,"UM"
"2310","0026165",45,"UM"
"2312","0026166",45,"UM"
"2314","0026167",45,"UM"
"2316","0026168",45,"UM"
"2318","0026169",45,"UM"
"2320","0026170",45,"UM"
"2322","0026171",45,"UM"
"2324","0026172",45,"UM"
"2326","0026173",45,"UM"
"2328","0026174",45,"UM"
"2330","0026175",45,"UM"
"2332","0026176",45,"UM"
"2334","0026177",45,"UM"
"2336","0026178",45,"UM"
"2338","0026179",45,"UM"
"2340","0026180",45,"UM"
"2342","0026181",45,"UM"
"2344","0026182",45,"UM"
"2346","0026183",45,"UM"
"2348","0026184",45,"UM"
"2350","0026185",45,"UM"
"2352","0026186",45,"UM"
"2354","0026187",45,"UM"
"2356","0026188",45,"UM"
"2358","0026189",45,"UM"
"2360","0026190",46,"IPCAS 4"
"2361","0026191",46,"IPCAS 4"
"2362","0026192",46,"IPCAS 4"
"2363","0026193",46,"IPCAS 4"
"2364","0026194",46,"IPCAS 4"
"2365","0026195",46,"IPCAS 4"
"2366","0026196",46,"IPCAS 4"
"2367","0026197",46,"IPCAS 4"
"2368","0026198",46,"IPCAS 4"
"2369","0026199",46,"IPCAS 4"
"2370","0026200",46,"IPCAS 4"
"2371","0026201",46,"IPCAS 4"
"2372","0026202",46,"IPCAS 4"
"2373","0026203",46,"IPCAS 4"
"2374","0026204",46,"IPCAS 4"
"2375","0026205",46,"IPCAS 4"
"2376","0026206",46,"IPCAS 4"
"2377","0026207",46,"IPCAS 4"
"2378","0026208",46,"IPCAS 4"
"2379","0026209",46,"IPCAS 4"
"2380","0027010",47,"MRN"
"2381","0027011",47,"MRN"
"2383","0027012",47,"MRN"
"2385","0027013",47,"MRN"
"2387","0027014",47,"MRN"
"2388","0027015",47,"MRN"
"2390","0027016",47,"MRN"
"2391","0027017",47,"MRN"
"2393","0027018",47,"MRN"
"2395","0027019",47,"MRN"
"2397","0027020",47,"MRN"
"2399","0027021",47,"MRN"
"2401","0027022",47,"MRN"
"2403","0027023",47,"MRN"
"2404","0027024",47,"MRN"
"2405","0027025",47,"MRN"
"2407","0027026",47,"MRN"
"2408","0027027",47,"MRN"
"2409","0027028",47,"MRN"
"2410","0027029",47,"MRN"
"2412","0027030",47,"MRN"
"2414","0027031",47,"MRN"
"2415","0027032",47,"MRN"
"2416","0027033",47,"MRN"
"2418","0027035",47,"MRN"
"2420","0027036",47,"MRN"
"2422","0027037",47,"MRN"
"2423","0027038",47,"MRN"
"2425","0027039",47,"MRN"
"2426","0027040",47,"MRN"
"2428","0027041",47,"MRN"
"2430","0027042",47,"MRN"
"2432","0027043",47,"MRN"
"2433","0027044",47,"MRN"
"2435","0027045",47,"MRN"
"2437","0027046",47,"MRN"
"2439","0027047",47,"MRN"
"2441","0027048",47,"MRN"
"2443","0027049",47,"MRN"
"2444","0027050",47,"MRN"
"2445","0027051",47,"MRN"
"2447","0027052",47,"MRN"
"2449","0027053",47,"MRN"
"2451","0027054",47,"MRN"
"2452","0027055",48,"BNU 3"
"2454","0027056",48,"BNU 3"
"2456","0027057",48,"BNU 3"
"2458","0027058",48,"BNU 3"
"2460","0027059",48,"BNU 3"
"2461","0027060",48,"BNU 3"
"2463","0027061",48,"BNU 3"
"2465","0027062",48,"BNU 3"
"2467","0027063",48,"BNU 3"
"2469","0027064",48,"BNU 3"
"2471","0027065",48,"BNU 3"
"2472","0027066",48,"BNU 3"
"2473","0027067",48,"BNU 3"
"2474","0027068",48,"BNU 3"
"2475","0027069",48,"BNU 3"
"2476","0027070",48,"BNU 3"
"2477","0027071",48,"BNU 3"
"2478","0027072",48,"BNU 3"
"2479","0027073",48,"BNU 3"
"2480","0027074",48,"BNU 3"
"2481","0027075",48,"BNU 3"
"2482","0027076",48,"BNU 3"
"2483","0027077",48,"BNU 3"
"2484","0027078",48,"BNU 3"
"2485","0027079",48,"BNU 3"
"2486","0027080",48,"BNU 3"
"2487","0027081",48,"BNU 3"
"2488","0027082",48,"BNU 3"
"2489","0027083",48,"BNU 3"
"2490","0027084",48,"BNU 3"
"2491","0027085",48,"BNU 3"
"2492","0027086",48,"BNU 3"
"2493","0027087",48,"BNU 3"
"2494","0027088",48,"BNU 3"
"2495","0027089",48,"BNU 3"
"2496","0027090",48,"BNU 3"
"2497","0027091",48,"BNU 3"
"2498","0027092",48,"BNU 3"
"2499","0027093",48,"BNU 3"
"2500","0027094",48,"BNU 3"
"2501","0027095",48,"BNU 3"
"2502","0027096",48,"BNU 3"
"2503","0027097",48,"BNU 3"
"2504","0027098",48,"BNU 3"
"2505","0027099",48,"BNU 3"
"2506","0027100",48,"BNU 3"
"2507","0027101",48,"BNU 3"
"2508","0027102",48,"BNU 3"
"2509","0027103",49,"NYU 1"
"2510","0027104",49,"NYU 1"
"2511","0027105",49,"NYU 1"
"2512","0027106",49,"NYU 1"
"2513","0027107",49,"NYU 1"
"2514","0027108",49,"NYU 1"
"2515","0027109",49,"NYU 1"
"2516","0027110",49,"NYU 1"
"2517","0027111",49,"NYU 1"
"2518","0027112",49,"NYU 1"
"2519","0027113",49,"NYU 1"
"2520","0027114",49,"NYU 1"
"2521","0027115",49,"NYU 1"
"2522","0027116",49,"NYU 1"
"2523","0027117",49,"NYU 1"
"2524","0027118",49,"NYU 1"
"2525","0027119",49,"NYU 1"
"2526","0027120",49,"NYU 1"
"2527","0027121",49,"NYU 1"
"2528","0027122",49,"NYU 1"
"2529","0027123",49,"NYU 1"
"2530","0027124",49,"NYU 1"
"2531","0027125",49,"NYU 1"
"2532","0027126",49,"NYU 1"
"2533","0027127",49,"NYU 1"
"2534","0027128",49,"NYU 1"
"2535","0027129",49,"NYU 1"
"2536","0027130",49,"NYU 1"
"2537","0027131",49,"NYU 1"
"2538","0027132",49,"NYU 1"
"2539","0027133",49,"NYU 1"
"2540","0027134",49,"NYU 1"
"2541","0027135",49,"NYU 1"
"2542","0027136",49,"NYU 1"
"2543","0027137",49,"NYU 1"
"2544","0027138",49,"NYU 1"
"2545","0027139",49,"NYU 1"
"2546","0027140",49,"NYU 1"
"2547","0027141",49,"NYU 1"
"2548","0027142",49,"NYU 1"
"2549","0027143",49,"NYU 1"
"2550","0027144",49,"NYU 1"
"2551","0027145",49,"NYU 1"
"2552","0027146",49,"NYU 1"
"2553","0027147",49,"NYU 1"
"2554","0027148",49,"NYU 1"
"2555","0027149",49,"NYU 1"
"2556","0027150",49,"NYU 1"
"2557","0027151",49,"NYU 1"
"2558","0027152",50,"SWU 3"
"2561","0027153",50,"SWU 3"
"2564","0027154",50,"SWU 3"
"2567","0027155",50,"SWU 3"
"2570","0027156",50,"SWU 3"
"2573","0027157",50,"SWU 3"
"2576","0027158",50,"SWU 3"
"2579","0027159",50,"SWU 3"
"2582","0027160",50,"SWU 3"
"2585","0027161",50,"SWU 3"
"2588","0027162",50,"SWU 3"
"2591","0027163",50,"SWU 3"
"2594","0027164",50,"SWU 3"
"2597","0027165",50,"SWU 3"
"2600","0027166",50,"SWU 3"
"2602","0027167",50,"SWU 3"
"2604","0027168",50,"SWU 3"
"2606","0027169",50,"SWU 3"
"2608","0027170",50,"SWU 3"
"2610","0027171",50,"SWU 3"
"2612","0027172",50,"SWU 3"
"2614","0027173",50,"SWU 3"
"2616","0027174",50,"SWU 3"
"2618","0027175",50,"SWU 3"
"2620","0027176",51,"SWU 2"
"2621","0027177",51,"SWU 2"
"2622","0027178",51,"SWU 2"
"2623","0027179",51,"SWU 2"
"2624","0027180",51,"SWU 2"
"2625","0027181",51,"SWU 2"
"2626","0027182",51,"SWU 2"
"2627","0027183",51,"SWU 2"
"2628","0027184",51,"SWU 2"
"2629","0027185",51,"SWU 2"
"2630","0027186",51,"SWU 2"
"2631","0027187",51,"SWU 2"
"2632","0027188",51,"SWU 2"
"2633","0027189",51,"SWU 2"
"2634","0027190",51,"SWU 2"
"2635","0027191",51,"SWU 2"
"2636","0027192",51,"SWU 2"
"2637","0027193",51,"SWU 2"
"2638","0027194",51,"SWU 2"
"2639","0027195",51,"SWU 2"
"2640","0027196",51,"SWU 2"
"2641","0027197",51,"SWU 2"
"2642","0027198",51,"SWU 2"
"2643","0027199",51,"SWU 2"
"2644","0027200",51,"SWU 2"
"2645","0027201",51,"SWU 2"
"2646","0027202",51,"SWU 2"
"2647","0027203",52,"SWU 1"
"2650","0027204",52,"SWU 1"
"2653","0027205",52,"SWU 1"
"2656","0027206",52,"SWU 1"
"2659","0027207",52,"SWU 1"
"2662","0027208",52,"SWU 1"
"2665","0027209",52,"SWU 1"
"2668","0027210",52,"SWU 1"
"2671","0027211",52,"SWU 1"
"2674","0027212",52,"SWU 1"
"2677","0027213",52,"SWU 1"
"2680","0027214",52,"SWU 1"
"2683","0027215",52,"SWU 1"
"2686","0027216",52,"SWU 1"
"2689","0027217",52,"SWU 1"
"2692","0027218",52,"SWU 1"
"2695","0027219",52,"SWU 1"
"2698","0027220",52,"SWU 1"
"2701","0027221",52,"SWU 1"
"2704","0027222",52,"SWU 1"
"2707","0027223",53,"IBATRT"
"2709","0027224",53,"IBATRT"
"2710","0027225",53,"IBATRT"
"2711","0027226",53,"IBATRT"
"2712","0027227",53,"IBATRT"
"2714","0027228",53,"IBATRT"
"2715","0027229",53,"IBATRT"
"2716","0027230",53,"IBATRT"
"2718","0027231",53,"IBATRT"
"2719","0027232",53,"IBATRT"
"2720","0027233",53,"IBATRT"
"2721","0027234",53,"IBATRT"
"2722","0027235",53,"IBATRT"
"2724","0027236",53,"IBATRT"
"2726","0027237",53,"IBATRT"
"2727","0027238",53,"IBATRT"
"2728","0027239",53,"IBATRT"
"2729","0027240",53,"IBATRT"
"2731","0027241",53,"IBATRT"
"2733","0027242",53,"IBATRT"
"2734","0027243",53,"IBATRT"
"2736","0027244",53,"IBATRT"
"2737","0027245",53,"IBATRT"
"2738","0027246",53,"IBATRT"
"2740","0027247",53,"IBATRT"
"2741","0027248",53,"IBATRT"
"2742","0027249",53,"IBATRT"
"2744","0027250",53,"IBATRT"
"2746","0027251",53,"IBATRT"
"2747","0027252",53,"IBATRT"
"2748","0027253",53,"IBATRT"
"2749","0027254",53,"IBATRT"
"2751","0027255",53,"IBATRT"
"2752","0027256",53,"IBATRT"
"2754","0027257",53,"IBATRT"
"2756","0027258",53,"IBATRT"
"2757","0027259",54,"UWM"
"2759","0027260",54,"UWM"
"2761","0027261",54,"UWM"
"2763","0027262",54,"UWM"
"2765","0027263",54,"UWM"
"2767","0027264",54,"UWM"
"2769","0027265",54,"UWM"
"2771","0027266",54,"UWM"
"2773","0027267",54,"UWM"
"2775","0027268",54,"UWM"
"2777","0027269",54,"UWM"
"2779","0027270",54,"UWM"
"2781","0027271",54,"UWM"
"2783","0027272",54,"UWM"
"2785","0027273",54,"UWM"
"2787","0027274",54,"UWM"
"2789","0027275",54,"UWM"
"2791","0027276",54,"UWM"
"2793","0027277",54,"UWM"
"2795","0027278",54,"UWM"
"2797","0027279",54,"UWM"
"2799","0027280",54,"UWM"
"2801","0027281",54,"UWM"
"2803","0027282",54,"UWM"
"2805","0027283",54,"UWM"
"2807","0027284",55,"IPCAS 5"
"2808","0027285",55,"IPCAS 5"
"2809","0027286",55,"IPCAS 5"
"2810","0027287",55,"IPCAS 5"
"2811","0027288",55,"IPCAS 5"
"2812","0027289",55,"IPCAS 5"
"2813","0027290",55,"IPCAS 5"
"2814","0027291",55,"IPCAS 5"
"2815","0027292",55,"IPCAS 5"
"2816","0027293",55,"IPCAS 5"
"2817","0027294",55,"IPCAS 5"
"2818","0027295",55,"IPCAS 5"
"2819","0027296",55,"IPCAS 5"
"2820","0027297",55,"IPCAS 5"
"2821","0027298",55,"IPCAS 5"
"2822","0027299",55,"IPCAS 5"
"2823","0027300",55,"IPCAS 5"
"2824","0027301",55,"IPCAS 5"
"2825","0027302",55,"IPCAS 5"
"2826","0027303",55,"IPCAS 5"
"2827","0027304",55,"IPCAS 5"
"2828","0027305",55,"IPCAS 5"
"2829","1024011",59,"NKI"
"2830","1082398",59,"NKI"
"2831","1122550",59,"NKI"
"2832","1131499",59,"NKI"
"2833","1312359",59,"NKI"
"2834","1381466",59,"NKI"
"2835","1427581",59,"NKI"
"2836","1465338",59,"NKI"
"2837","1525518",59,"NKI"
"2838","1684516",59,"NKI"
"2839","1714208",59,"NKI"
"2840","1725227",59,"NKI"
"2841","1760155",59,"NKI"
"2842","1767783",59,"NKI"
"2843","1793622",59,"NKI"
"2844","1907043",59,"NKI"
"2845","1925025",59,"NKI"
"2846","1961098",59,"NKI"
"2847","2021733",59,"NKI"
"2848","2092454",59,"NKI"
"2849","2466100",59,"NKI"
"2850","2475376",59,"NKI"
"2851","2516383",59,"NKI"
"2852","2662830",59,"NKI"
"2853","2692262",59,"NKI"
"2854","2772551",59,"NKI"
"2855","2780400",59,"NKI"
"2856","2796604",59,"NKI"
"2857","2799329",59,"NKI"
"2858","2842950",59,"NKI"
"2859","2860449",59,"NKI"
"2860","2945687",59,"NKI"
"2861","3057549",59,"NKI"
"2862","3201815",59,"NKI"
"2863","3235222",59,"NKI"
"2864","3258811",59,"NKI"
"2865","3265732",59,"NKI"
"2866","3313349",59,"NKI"
"2867","3315657",59,"NKI"
"2868","3408166",59,"NKI"
"2869","3457797",59,"NKI"
"2870","3534106",59,"NKI"
"2871","3550267",59,"NKI"
"2872","3563234",59,"NKI"
"2873","3697986",59,"NKI"
"2874","3795193",59,"NKI"
"2875","3808535",59,"NKI"
"2876","3814313",59,"NKI"
"2877","3856302",59,"NKI"
"2878","3893245",59,"NKI"
"2879","3938118",59,"NKI"
"2880","3942935",59,"NKI"
"2881","4152763",59,"NKI"
"2882","4176156",59,"NKI"
"2883","4207406",59,"NKI"
"2884","4233715",59,"NKI"
"2885","4288245",59,"NKI"
"2886","6471972",59,"NKI"
"2887","6579735",59,"NKI"
"2888","6984799",59,"NKI"
"2889","7055197",59,"NKI"
"2890","7289877",59,"NKI"
"2891","8384854",59,"NKI"
"2892","8574662",59,"NKI"
"2893","8735778",59,"NKI"
"2894","9630905",59,"NKI"
"2895","9639203",59,"NKI"
